County,Date,Status,Cases,Deaths,Cases.Cumulative,Deaths.Cumulative,Updated,Region,County.FIPS.Character,State.Name,State.FIPS.Character,State.Abb,pop2018,GrowthRate,Density,Detroit
Metro Detroit,2020-03-01T00:00:00Z,Total,10,0,10,0,2021-12-29T14:11:47Z,26163,26163,michigan,26,MI,1753890,-3.3755,2974.4,Yes
Metro Detroit,2020-03-02T00:00:00Z,Total,10,0,20,0,2021-12-29T14:11:47Z,26163,26163,michigan,26,MI,1753890,-3.3755,2974.4,Yes
Metro Detroit,2020-03-03T00:00:00Z,Total,16,0,36,0,2021-12-29T14:11:47Z,26163,26163,michigan,26,MI,1753890,-3.3755,2974.4,Yes
Metro Detroit,2020-03-04T00:00:00Z,Total,19,0,55,0,2021-12-29T14:11:47Z,26163,26163,michigan,26,MI,1753890,-3.3755,2974.4,Yes
Metro Detroit,2020-03-05T00:00:00Z,Total,17,0,72,0,2021-12-29T14:11:47Z,26163,26163,michigan,26,MI,1753890,-3.3755,2974.4,Yes
Metro Detroit,2020-03-06T00:00:00Z,Total,33,0,105,0,2021-12-29T14:11:47Z,26163,26163,michigan,26,MI,1753890,-3.3755,2974.4,Yes
Metro Detroit,2020-03-07T00:00:00Z,Total,35,0,140,0,2021-12-29T14:11:47Z,26163,26163,michigan,26,MI,1753890,-3.3755,2974.4,Yes
Metro Detroit,2020-03-08T00:00:00Z,Total,48,0,188,0,2021-12-29T14:11:47Z,26163,26163,michigan,26,MI,1753890,-3.3755,2974.4,Yes
Metro Detroit,2020-03-09T00:00:00Z,Total,98,0,286,0,2021-12-29T14:11:47Z,26163,26163,michigan,26,MI,1753890,-3.3755,2974.4,Yes
Metro Detroit,2020-03-10T00:00:00Z,Total,125,0,411,0,2021-12-29T14:11:47Z,26163,26163,michigan,26,MI,1753890,-3.3755,2974.4,Yes
Metro Detroit,2020-03-11T00:00:00Z,Total,167,0,578,0,2021-12-29T14:11:47Z,26163,26163,michigan,26,MI,1753890,-3.3755,2974.4,Yes
Metro Detroit,2020-03-12T00:00:00Z,Total,229,1,807,1,2021-12-29T14:11:47Z,26163,26163,michigan,26,MI,1753890,-3.3755,2974.4,Yes
Metro Detroit,2020-03-13T00:00:00Z,Total,298,0,1105,1,2021-12-29T14:11:47Z,26163,26163,michigan,26,MI,1753890,-3.3755,2974.4,Yes
Metro Detroit,2020-03-14T00:00:00Z,Total,313,0,1418,1,2021-12-29T14:11:47Z,26163,26163,michigan,26,MI,1753890,-3.3755,2974.4,Yes
Metro Detroit,2020-03-15T00:00:00Z,Total,392,1,1810,2,2021-12-29T14:11:47Z,26163,26163,michigan,26,MI,1753890,-3.3755,2974.4,Yes
Metro Detroit,2020-03-16T00:00:00Z,Total,583,2,2393,4,2021-12-29T14:11:47Z,26163,26163,michigan,26,MI,1753890,-3.3755,2974.4,Yes
Metro Detroit,2020-03-17T00:00:00Z,Total,678,0,3071,4,2021-12-29T14:11:47Z,26163,26163,michigan,26,MI,1753890,-3.3755,2974.4,Yes
Metro Detroit,2020-03-18T00:00:00Z,Total,789,3,3860,7,2021-12-29T14:11:47Z,26163,26163,michigan,26,MI,1753890,-3.3755,2974.4,Yes
Metro Detroit,2020-03-19T00:00:00Z,Total,698,5,4558,12,2021-12-29T14:11:47Z,26163,26163,michigan,26,MI,1753890,-3.3755,2974.4,Yes
Metro Detroit,2020-03-20T00:00:00Z,Total,822,4,5380,16,2021-12-29T14:11:47Z,26163,26163,michigan,26,MI,1753890,-3.3755,2974.4,Yes
Metro Detroit,2020-03-21T00:00:00Z,Total,678,7,6058,23,2021-12-29T14:11:47Z,26163,26163,michigan,26,MI,1753890,-3.3755,2974.4,Yes
Metro Detroit,2020-03-22T00:00:00Z,Total,658,11,6716,34,2021-12-29T14:11:47Z,26163,26163,michigan,26,MI,1753890,-3.3755,2974.4,Yes
Metro Detroit,2020-03-23T00:00:00Z,Total,1056,17,7772,51,2021-12-29T14:11:47Z,26163,26163,michigan,26,MI,1753890,-3.3755,2974.4,Yes
Metro Detroit,2020-03-24T00:00:00Z,Total,916,26,8688,77,2021-12-29T14:11:47Z,26163,26163,michigan,26,MI,1753890,-3.3755,2974.4,Yes
Metro Detroit,2020-03-25T00:00:00Z,Total,995,23,9683,100,2021-12-29T14:11:47Z,26163,26163,michigan,26,MI,1753890,-3.3755,2974.4,Yes
Metro Detroit,2020-03-26T00:00:00Z,Total,942,45,10625,145,2021-12-29T14:11:47Z,26163,26163,michigan,26,MI,1753890,-3.3755,2974.4,Yes
Metro Detroit,2020-03-27T00:00:00Z,Total,1079,49,11704,194,2021-12-29T14:11:47Z,26163,26163,michigan,26,MI,1753890,-3.3755,2974.4,Yes
Metro Detroit,2020-03-28T00:00:00Z,Total,898,61,12602,255,2021-12-29T14:11:47Z,26163,26163,michigan,26,MI,1753890,-3.3755,2974.4,Yes
Metro Detroit,2020-03-29T00:00:00Z,Total,719,66,13321,321,2021-12-29T14:11:47Z,26163,26163,michigan,26,MI,1753890,-3.3755,2974.4,Yes
Metro Detroit,2020-03-30T00:00:00Z,Total,1377,74,14698,395,2021-12-29T14:11:47Z,26163,26163,michigan,26,MI,1753890,-3.3755,2974.4,Yes
Metro Detroit,2020-03-31T00:00:00Z,Total,1111,112,15809,507,2021-12-29T14:11:47Z,26163,26163,michigan,26,MI,1753890,-3.3755,2974.4,Yes
Metro Detroit,2020-04-01T00:00:00Z,Total,1308,123,17117,630,2021-12-29T14:11:47Z,26163,26163,michigan,26,MI,1753890,-3.3755,2974.4,Yes
Metro Detroit,2020-04-02T00:00:00Z,Total,950,113,18067,743,2021-12-29T14:11:47Z,26163,26163,michigan,26,MI,1753890,-3.3755,2974.4,Yes
Metro Detroit,2020-04-03T00:00:00Z,Total,963,108,19030,851,2021-12-29T14:11:47Z,26163,26163,michigan,26,MI,1753890,-3.3755,2974.4,Yes
Metro Detroit,2020-04-04T00:00:00Z,Total,811,106,19841,957,2021-12-29T14:11:47Z,26163,26163,michigan,26,MI,1753890,-3.3755,2974.4,Yes
Metro Detroit,2020-04-05T00:00:00Z,Total,650,109,20491,1066,2021-12-29T14:11:47Z,26163,26163,michigan,26,MI,1753890,-3.3755,2974.4,Yes
Metro Detroit,2020-04-06T00:00:00Z,Total,1021,114,21512,1180,2021-12-29T14:11:47Z,26163,26163,michigan,26,MI,1753890,-3.3755,2974.4,Yes
Metro Detroit,2020-04-07T00:00:00Z,Total,960,137,22472,1317,2021-12-29T14:11:47Z,26163,26163,michigan,26,MI,1753890,-3.3755,2974.4,Yes
Metro Detroit,2020-04-08T00:00:00Z,Total,873,120,23345,1437,2021-12-29T14:11:47Z,26163,26163,michigan,26,MI,1753890,-3.3755,2974.4,Yes
Metro Detroit,2020-04-09T00:00:00Z,Total,808,131,24153,1568,2021-12-29T14:11:47Z,26163,26163,michigan,26,MI,1753890,-3.3755,2974.4,Yes
Metro Detroit,2020-04-10T00:00:00Z,Total,771,134,24924,1702,2021-12-29T14:11:47Z,26163,26163,michigan,26,MI,1753890,-3.3755,2974.4,Yes
Metro Detroit,2020-04-11T00:00:00Z,Total,589,142,25513,1844,2021-12-29T14:11:47Z,26163,26163,michigan,26,MI,1753890,-3.3755,2974.4,Yes
Metro Detroit,2020-04-12T00:00:00Z,Total,444,142,25957,1986,2021-12-29T14:11:47Z,26163,26163,michigan,26,MI,1753890,-3.3755,2974.4,Yes
Metro Detroit,2020-04-13T00:00:00Z,Total,729,113,26686,2099,2021-12-29T14:11:47Z,26163,26163,michigan,26,MI,1753890,-3.3755,2974.4,Yes
Metro Detroit,2020-04-14T00:00:00Z,Total,674,117,27360,2216,2021-12-29T14:11:47Z,26163,26163,michigan,26,MI,1753890,-3.3755,2974.4,Yes
Metro Detroit,2020-04-15T00:00:00Z,Total,670,112,28030,2328,2021-12-29T14:11:47Z,26163,26163,michigan,26,MI,1753890,-3.3755,2974.4,Yes
Metro Detroit,2020-04-16T00:00:00Z,Total,702,132,28732,2460,2021-12-29T14:11:47Z,26163,26163,michigan,26,MI,1753890,-3.3755,2974.4,Yes
Metro Detroit,2020-04-17T00:00:00Z,Total,608,115,29340,2575,2021-12-29T14:11:47Z,26163,26163,michigan,26,MI,1753890,-3.3755,2974.4,Yes
Metro Detroit,2020-04-18T00:00:00Z,Total,453,95,29793,2670,2021-12-29T14:11:47Z,26163,26163,michigan,26,MI,1753890,-3.3755,2974.4,Yes
Metro Detroit,2020-04-19T00:00:00Z,Total,311,102,30104,2772,2021-12-29T14:11:47Z,26163,26163,michigan,26,MI,1753890,-3.3755,2974.4,Yes
Metro Detroit,2020-04-20T00:00:00Z,Total,608,90,30712,2862,2021-12-29T14:11:47Z,26163,26163,michigan,26,MI,1753890,-3.3755,2974.4,Yes
Metro Detroit,2020-04-21T00:00:00Z,Total,655,102,31367,2964,2021-12-29T14:11:47Z,26163,26163,michigan,26,MI,1753890,-3.3755,2974.4,Yes
Metro Detroit,2020-04-22T00:00:00Z,Total,704,108,32071,3072,2021-12-29T14:11:47Z,26163,26163,michigan,26,MI,1753890,-3.3755,2974.4,Yes
Metro Detroit,2020-04-23T00:00:00Z,Total,720,74,32791,3146,2021-12-29T14:11:47Z,26163,26163,michigan,26,MI,1753890,-3.3755,2974.4,Yes
Metro Detroit,2020-04-24T00:00:00Z,Total,716,91,33507,3237,2021-12-29T14:11:47Z,26163,26163,michigan,26,MI,1753890,-3.3755,2974.4,Yes
Metro Detroit,2020-04-25T00:00:00Z,Total,341,88,33848,3325,2021-12-29T14:11:47Z,26163,26163,michigan,26,MI,1753890,-3.3755,2974.4,Yes
Metro Detroit,2020-04-26T00:00:00Z,Total,293,74,34141,3399,2021-12-29T14:11:47Z,26163,26163,michigan,26,MI,1753890,-3.3755,2974.4,Yes
Metro Detroit,2020-04-27T00:00:00Z,Total,614,78,34755,3477,2021-12-29T14:11:47Z,26163,26163,michigan,26,MI,1753890,-3.3755,2974.4,Yes
Metro Detroit,2020-04-28T00:00:00Z,Total,642,82,35397,3559,2021-12-29T14:11:47Z,26163,26163,michigan,26,MI,1753890,-3.3755,2974.4,Yes
Metro Detroit,2020-04-29T00:00:00Z,Total,641,66,36038,3625,2021-12-29T14:11:47Z,26163,26163,michigan,26,MI,1753890,-3.3755,2974.4,Yes
Metro Detroit,2020-04-30T00:00:00Z,Total,671,71,36709,3696,2021-12-29T14:11:47Z,26163,26163,michigan,26,MI,1753890,-3.3755,2974.4,Yes
Metro Detroit,2020-05-01T00:00:00Z,Total,615,61,37324,3757,2021-12-29T14:11:47Z,26163,26163,michigan,26,MI,1753890,-3.3755,2974.4,Yes
Metro Detroit,2020-05-02T00:00:00Z,Total,354,47,37678,3804,2021-12-29T14:11:47Z,26163,26163,michigan,26,MI,1753890,-3.3755,2974.4,Yes
Metro Detroit,2020-05-03T00:00:00Z,Total,217,55,37895,3859,2021-12-29T14:11:47Z,26163,26163,michigan,26,MI,1753890,-3.3755,2974.4,Yes
Metro Detroit,2020-05-04T00:00:00Z,Total,764,63,38659,3922,2021-12-29T14:11:47Z,26163,26163,michigan,26,MI,1753890,-3.3755,2974.4,Yes
Metro Detroit,2020-05-05T00:00:00Z,Total,756,40,39415,3962,2021-12-29T14:11:47Z,26163,26163,michigan,26,MI,1753890,-3.3755,2974.4,Yes
Metro Detroit,2020-05-06T00:00:00Z,Total,692,34,40107,3996,2021-12-29T14:11:47Z,26163,26163,michigan,26,MI,1753890,-3.3755,2974.4,Yes
Metro Detroit,2020-05-07T00:00:00Z,Total,752,69,40859,4065,2021-12-29T14:11:47Z,26163,26163,michigan,26,MI,1753890,-3.3755,2974.4,Yes
Metro Detroit,2020-05-08T00:00:00Z,Total,742,37,41601,4102,2021-12-29T14:11:47Z,26163,26163,michigan,26,MI,1753890,-3.3755,2974.4,Yes
Metro Detroit,2020-05-09T00:00:00Z,Total,517,37,42118,4139,2021-12-29T14:11:47Z,26163,26163,michigan,26,MI,1753890,-3.3755,2974.4,Yes
Metro Detroit,2020-05-10T00:00:00Z,Total,208,33,42326,4172,2021-12-29T14:11:47Z,26163,26163,michigan,26,MI,1753890,-3.3755,2974.4,Yes
Metro Detroit,2020-05-11T00:00:00Z,Total,720,34,43046,4206,2021-12-29T14:11:47Z,26163,26163,michigan,26,MI,1753890,-3.3755,2974.4,Yes
Metro Detroit,2020-05-12T00:00:00Z,Total,704,30,43750,4236,2021-12-29T14:11:47Z,26163,26163,michigan,26,MI,1753890,-3.3755,2974.4,Yes
Metro Detroit,2020-05-13T00:00:00Z,Total,721,28,44471,4264,2021-12-29T14:11:47Z,26163,26163,michigan,26,MI,1753890,-3.3755,2974.4,Yes
Metro Detroit,2020-05-14T00:00:00Z,Total,647,31,45118,4295,2021-12-29T14:11:47Z,26163,26163,michigan,26,MI,1753890,-3.3755,2974.4,Yes
Metro Detroit,2020-05-15T00:00:00Z,Total,787,29,45905,4324,2021-12-29T14:11:47Z,26163,26163,michigan,26,MI,1753890,-3.3755,2974.4,Yes
Metro Detroit,2020-05-16T00:00:00Z,Total,418,16,46323,4340,2021-12-29T14:11:47Z,26163,26163,michigan,26,MI,1753890,-3.3755,2974.4,Yes
Metro Detroit,2020-05-17T00:00:00Z,Total,236,21,46559,4361,2021-12-29T14:11:47Z,26163,26163,michigan,26,MI,1753890,-3.3755,2974.4,Yes
Metro Detroit,2020-05-18T00:00:00Z,Total,680,23,47239,4384,2021-12-29T14:11:47Z,26163,26163,michigan,26,MI,1753890,-3.3755,2974.4,Yes
Metro Detroit,2020-05-19T00:00:00Z,Total,817,27,48056,4411,2021-12-29T14:11:47Z,26163,26163,michigan,26,MI,1753890,-3.3755,2974.4,Yes
Metro Detroit,2020-05-20T00:00:00Z,Total,782,25,48838,4436,2021-12-29T14:11:47Z,26163,26163,michigan,26,MI,1753890,-3.3755,2974.4,Yes
Metro Detroit,2020-05-21T00:00:00Z,Total,775,22,49613,4458,2021-12-29T14:11:47Z,26163,26163,michigan,26,MI,1753890,-3.3755,2974.4,Yes
Metro Detroit,2020-05-22T00:00:00Z,Total,728,18,50341,4476,2021-12-29T14:11:47Z,26163,26163,michigan,26,MI,1753890,-3.3755,2974.4,Yes
Metro Detroit,2020-05-23T00:00:00Z,Total,354,19,50695,4495,2021-12-29T14:11:47Z,26163,26163,michigan,26,MI,1753890,-3.3755,2974.4,Yes
Metro Detroit,2020-05-24T00:00:00Z,Total,202,21,50897,4516,2021-12-29T14:11:47Z,26163,26163,michigan,26,MI,1753890,-3.3755,2974.4,Yes
Metro Detroit,2020-05-25T00:00:00Z,Total,196,21,51093,4537,2021-12-29T14:11:47Z,26163,26163,michigan,26,MI,1753890,-3.3755,2974.4,Yes
Metro Detroit,2020-05-26T00:00:00Z,Total,802,15,51895,4552,2021-12-29T14:11:47Z,26163,26163,michigan,26,MI,1753890,-3.3755,2974.4,Yes
Metro Detroit,2020-05-27T00:00:00Z,Total,782,11,52677,4563,2021-12-29T14:11:47Z,26163,26163,michigan,26,MI,1753890,-3.3755,2974.4,Yes
Metro Detroit,2020-05-28T00:00:00Z,Total,734,15,53411,4578,2021-12-29T14:11:47Z,26163,26163,michigan,26,MI,1753890,-3.3755,2974.4,Yes
Metro Detroit,2020-05-29T00:00:00Z,Total,632,16,54043,4594,2021-12-29T14:11:47Z,26163,26163,michigan,26,MI,1753890,-3.3755,2974.4,Yes
Metro Detroit,2020-05-30T00:00:00Z,Total,355,14,54398,4608,2021-12-29T14:11:47Z,26163,26163,michigan,26,MI,1753890,-3.3755,2974.4,Yes
Metro Detroit,2020-05-31T00:00:00Z,Total,221,9,54619,4617,2021-12-29T14:11:47Z,26163,26163,michigan,26,MI,1753890,-3.3755,2974.4,Yes
Metro Detroit,2020-06-01T00:00:00Z,Total,549,15,55168,4632,2021-12-29T14:11:47Z,26163,26163,michigan,26,MI,1753890,-3.3755,2974.4,Yes
Metro Detroit,2020-06-02T00:00:00Z,Total,748,9,55916,4641,2021-12-29T14:11:47Z,26163,26163,michigan,26,MI,1753890,-3.3755,2974.4,Yes
Metro Detroit,2020-06-03T00:00:00Z,Total,599,10,56515,4651,2021-12-29T14:11:47Z,26163,26163,michigan,26,MI,1753890,-3.3755,2974.4,Yes
Metro Detroit,2020-06-04T00:00:00Z,Total,627,11,57142,4662,2021-12-29T14:11:47Z,26163,26163,michigan,26,MI,1753890,-3.3755,2974.4,Yes
Metro Detroit,2020-06-05T00:00:00Z,Total,591,5,57733,4667,2021-12-29T14:11:47Z,26163,26163,michigan,26,MI,1753890,-3.3755,2974.4,Yes
Metro Detroit,2020-06-06T00:00:00Z,Total,260,8,57993,4675,2021-12-29T14:11:47Z,26163,26163,michigan,26,MI,1753890,-3.3755,2974.4,Yes
Metro Detroit,2020-06-07T00:00:00Z,Total,148,11,58141,4686,2021-12-29T14:11:47Z,26163,26163,michigan,26,MI,1753890,-3.3755,2974.4,Yes
Metro Detroit,2020-06-08T00:00:00Z,Total,603,6,58744,4692,2021-12-29T14:11:47Z,26163,26163,michigan,26,MI,1753890,-3.3755,2974.4,Yes
Metro Detroit,2020-06-09T00:00:00Z,Total,555,9,59299,4701,2021-12-29T14:11:47Z,26163,26163,michigan,26,MI,1753890,-3.3755,2974.4,Yes
Metro Detroit,2020-06-10T00:00:00Z,Total,572,12,59871,4713,2021-12-29T14:11:47Z,26163,26163,michigan,26,MI,1753890,-3.3755,2974.4,Yes
Metro Detroit,2020-06-11T00:00:00Z,Total,576,7,60447,4720,2021-12-29T14:11:47Z,26163,26163,michigan,26,MI,1753890,-3.3755,2974.4,Yes
Metro Detroit,2020-06-12T00:00:00Z,Total,533,3,60980,4723,2021-12-29T14:11:47Z,26163,26163,michigan,26,MI,1753890,-3.3755,2974.4,Yes
Metro Detroit,2020-06-13T00:00:00Z,Total,291,4,61271,4727,2021-12-29T14:11:47Z,26163,26163,michigan,26,MI,1753890,-3.3755,2974.4,Yes
Metro Detroit,2020-06-14T00:00:00Z,Total,160,4,61431,4731,2021-12-29T14:11:47Z,26163,26163,michigan,26,MI,1753890,-3.3755,2974.4,Yes
Metro Detroit,2020-06-15T00:00:00Z,Total,554,8,61985,4739,2021-12-29T14:11:47Z,26163,26163,michigan,26,MI,1753890,-3.3755,2974.4,Yes
Metro Detroit,2020-06-16T00:00:00Z,Total,485,6,62470,4745,2021-12-29T14:11:47Z,26163,26163,michigan,26,MI,1753890,-3.3755,2974.4,Yes
Metro Detroit,2020-06-17T00:00:00Z,Total,535,4,63005,4749,2021-12-29T14:11:47Z,26163,26163,michigan,26,MI,1753890,-3.3755,2974.4,Yes
Metro Detroit,2020-06-18T00:00:00Z,Total,525,5,63530,4754,2021-12-29T14:11:47Z,26163,26163,michigan,26,MI,1753890,-3.3755,2974.4,Yes
Metro Detroit,2020-06-19T00:00:00Z,Total,513,5,64043,4759,2021-12-29T14:11:47Z,26163,26163,michigan,26,MI,1753890,-3.3755,2974.4,Yes
Metro Detroit,2020-06-20T00:00:00Z,Total,270,5,64313,4764,2021-12-29T14:11:47Z,26163,26163,michigan,26,MI,1753890,-3.3755,2974.4,Yes
Metro Detroit,2020-06-21T00:00:00Z,Total,229,5,64542,4769,2021-12-29T14:11:47Z,26163,26163,michigan,26,MI,1753890,-3.3755,2974.4,Yes
Metro Detroit,2020-06-22T00:00:00Z,Total,681,8,65223,4777,2021-12-29T14:11:47Z,26163,26163,michigan,26,MI,1753890,-3.3755,2974.4,Yes
Metro Detroit,2020-06-23T00:00:00Z,Total,828,5,66051,4782,2021-12-29T14:11:47Z,26163,26163,michigan,26,MI,1753890,-3.3755,2974.4,Yes
Metro Detroit,2020-06-24T00:00:00Z,Total,867,2,66918,4784,2021-12-29T14:11:47Z,26163,26163,michigan,26,MI,1753890,-3.3755,2974.4,Yes
Metro Detroit,2020-06-25T00:00:00Z,Total,798,7,67716,4791,2021-12-29T14:11:47Z,26163,26163,michigan,26,MI,1753890,-3.3755,2974.4,Yes
Metro Detroit,2020-06-26T00:00:00Z,Total,761,2,68477,4793,2021-12-29T14:11:47Z,26163,26163,michigan,26,MI,1753890,-3.3755,2974.4,Yes
Metro Detroit,2020-06-27T00:00:00Z,Total,478,7,68955,4800,2021-12-29T14:11:47Z,26163,26163,michigan,26,MI,1753890,-3.3755,2974.4,Yes
Metro Detroit,2020-06-28T00:00:00Z,Total,329,6,69284,4806,2021-12-29T14:11:47Z,26163,26163,michigan,26,MI,1753890,-3.3755,2974.4,Yes
Metro Detroit,2020-06-29T00:00:00Z,Total,934,6,70218,4812,2021-12-29T14:11:47Z,26163,26163,michigan,26,MI,1753890,-3.3755,2974.4,Yes
Metro Detroit,2020-06-30T00:00:00Z,Total,883,5,71101,4817,2021-12-29T14:11:47Z,26163,26163,michigan,26,MI,1753890,-3.3755,2974.4,Yes
Metro Detroit,2020-07-01T00:00:00Z,Total,823,4,71924,4821,2021-12-29T14:11:47Z,26163,26163,michigan,26,MI,1753890,-3.3755,2974.4,Yes
Metro Detroit,2020-07-02T00:00:00Z,Total,839,4,72763,4825,2021-12-29T14:11:47Z,26163,26163,michigan,26,MI,1753890,-3.3755,2974.4,Yes
Metro Detroit,2020-07-03T00:00:00Z,Total,559,6,73322,4831,2021-12-29T14:11:47Z,26163,26163,michigan,26,MI,1753890,-3.3755,2974.4,Yes
Metro Detroit,2020-07-04T00:00:00Z,Total,278,5,73600,4836,2021-12-29T14:11:47Z,26163,26163,michigan,26,MI,1753890,-3.3755,2974.4,Yes
Metro Detroit,2020-07-05T00:00:00Z,Total,338,4,73938,4840,2021-12-29T14:11:47Z,26163,26163,michigan,26,MI,1753890,-3.3755,2974.4,Yes
Metro Detroit,2020-07-06T00:00:00Z,Total,894,3,74832,4843,2021-12-29T14:11:47Z,26163,26163,michigan,26,MI,1753890,-3.3755,2974.4,Yes
Metro Detroit,2020-07-07T00:00:00Z,Total,967,5,75799,4848,2021-12-29T14:11:47Z,26163,26163,michigan,26,MI,1753890,-3.3755,2974.4,Yes
Metro Detroit,2020-07-08T00:00:00Z,Total,956,3,76755,4851,2021-12-29T14:11:47Z,26163,26163,michigan,26,MI,1753890,-3.3755,2974.4,Yes
Metro Detroit,2020-07-09T00:00:00Z,Total,941,5,77696,4856,2021-12-29T14:11:47Z,26163,26163,michigan,26,MI,1753890,-3.3755,2974.4,Yes
Metro Detroit,2020-07-10T00:00:00Z,Total,876,5,78572,4861,2021-12-29T14:11:47Z,26163,26163,michigan,26,MI,1753890,-3.3755,2974.4,Yes
Metro Detroit,2020-07-11T00:00:00Z,Total,533,5,79105,4866,2021-12-29T14:11:47Z,26163,26163,michigan,26,MI,1753890,-3.3755,2974.4,Yes
Metro Detroit,2020-07-12T00:00:00Z,Total,423,7,79528,4873,2021-12-29T14:11:47Z,26163,26163,michigan,26,MI,1753890,-3.3755,2974.4,Yes
Metro Detroit,2020-07-13T00:00:00Z,Total,1083,1,80611,4874,2021-12-29T14:11:47Z,26163,26163,michigan,26,MI,1753890,-3.3755,2974.4,Yes
Metro Detroit,2020-07-14T00:00:00Z,Total,1042,2,81653,4876,2021-12-29T14:11:47Z,26163,26163,michigan,26,MI,1753890,-3.3755,2974.4,Yes
Metro Detroit,2020-07-15T00:00:00Z,Total,1025,3,82678,4879,2021-12-29T14:11:47Z,26163,26163,michigan,26,MI,1753890,-3.3755,2974.4,Yes
Metro Detroit,2020-07-16T00:00:00Z,Total,1035,4,83713,4883,2021-12-29T14:11:47Z,26163,26163,michigan,26,MI,1753890,-3.3755,2974.4,Yes
Metro Detroit,2020-07-17T00:00:00Z,Total,952,4,84665,4887,2021-12-29T14:11:47Z,26163,26163,michigan,26,MI,1753890,-3.3755,2974.4,Yes
Metro Detroit,2020-07-18T00:00:00Z,Total,577,6,85242,4893,2021-12-29T14:11:47Z,26163,26163,michigan,26,MI,1753890,-3.3755,2974.4,Yes
Metro Detroit,2020-07-19T00:00:00Z,Total,400,0,85642,4893,2021-12-29T14:11:47Z,26163,26163,michigan,26,MI,1753890,-3.3755,2974.4,Yes
Metro Detroit,2020-07-20T00:00:00Z,Total,1135,3,86777,4896,2021-12-29T14:11:47Z,26163,26163,michigan,26,MI,1753890,-3.3755,2974.4,Yes
Metro Detroit,2020-07-21T00:00:00Z,Total,999,5,87776,4901,2021-12-29T14:11:47Z,26163,26163,michigan,26,MI,1753890,-3.3755,2974.4,Yes
Metro Detroit,2020-07-22T00:00:00Z,Total,1015,6,88791,4907,2021-12-29T14:11:47Z,26163,26163,michigan,26,MI,1753890,-3.3755,2974.4,Yes
Metro Detroit,2020-07-23T00:00:00Z,Total,899,3,89690,4910,2021-12-29T14:11:47Z,26163,26163,michigan,26,MI,1753890,-3.3755,2974.4,Yes
Metro Detroit,2020-07-24T00:00:00Z,Total,907,4,90597,4914,2021-12-29T14:11:47Z,26163,26163,michigan,26,MI,1753890,-3.3755,2974.4,Yes
Metro Detroit,2020-07-25T00:00:00Z,Total,567,3,91164,4917,2021-12-29T14:11:47Z,26163,26163,michigan,26,MI,1753890,-3.3755,2974.4,Yes
Metro Detroit,2020-07-26T00:00:00Z,Total,377,6,91541,4923,2021-12-29T14:11:47Z,26163,26163,michigan,26,MI,1753890,-3.3755,2974.4,Yes
Metro Detroit,2020-07-27T00:00:00Z,Total,1012,3,92553,4926,2021-12-29T14:11:47Z,26163,26163,michigan,26,MI,1753890,-3.3755,2974.4,Yes
Metro Detroit,2020-07-28T00:00:00Z,Total,1015,2,93568,4928,2021-12-29T14:11:47Z,26163,26163,michigan,26,MI,1753890,-3.3755,2974.4,Yes
Metro Detroit,2020-07-29T00:00:00Z,Total,1068,5,94636,4933,2021-12-29T14:11:47Z,26163,26163,michigan,26,MI,1753890,-3.3755,2974.4,Yes
Metro Detroit,2020-07-30T00:00:00Z,Total,964,6,95600,4939,2021-12-29T14:11:47Z,26163,26163,michigan,26,MI,1753890,-3.3755,2974.4,Yes
Metro Detroit,2020-07-31T00:00:00Z,Total,942,5,96542,4944,2021-12-29T14:11:47Z,26163,26163,michigan,26,MI,1753890,-3.3755,2974.4,Yes
Metro Detroit,2020-08-01T00:00:00Z,Total,741,4,97283,4948,2021-12-29T14:11:47Z,26163,26163,michigan,26,MI,1753890,-3.3755,2974.4,Yes
Metro Detroit,2020-08-02T00:00:00Z,Total,540,4,97823,4952,2021-12-29T14:11:47Z,26163,26163,michigan,26,MI,1753890,-3.3755,2974.4,Yes
Metro Detroit,2020-08-03T00:00:00Z,Total,1125,6,98948,4958,2021-12-29T14:11:47Z,26163,26163,michigan,26,MI,1753890,-3.3755,2974.4,Yes
Metro Detroit,2020-08-04T00:00:00Z,Total,1121,3,100069,4961,2021-12-29T14:11:47Z,26163,26163,michigan,26,MI,1753890,-3.3755,2974.4,Yes
Metro Detroit,2020-08-05T00:00:00Z,Total,1043,3,101112,4964,2021-12-29T14:11:47Z,26163,26163,michigan,26,MI,1753890,-3.3755,2974.4,Yes
Metro Detroit,2020-08-06T00:00:00Z,Total,913,4,102025,4968,2021-12-29T14:11:47Z,26163,26163,michigan,26,MI,1753890,-3.3755,2974.4,Yes
Metro Detroit,2020-08-07T00:00:00Z,Total,1008,8,103033,4976,2021-12-29T14:11:47Z,26163,26163,michigan,26,MI,1753890,-3.3755,2974.4,Yes
Metro Detroit,2020-08-08T00:00:00Z,Total,610,5,103643,4981,2021-12-29T14:11:47Z,26163,26163,michigan,26,MI,1753890,-3.3755,2974.4,Yes
Metro Detroit,2020-08-09T00:00:00Z,Total,546,6,104189,4987,2021-12-29T14:11:47Z,26163,26163,michigan,26,MI,1753890,-3.3755,2974.4,Yes
Metro Detroit,2020-08-10T00:00:00Z,Total,1218,2,105407,4989,2021-12-29T14:11:47Z,26163,26163,michigan,26,MI,1753890,-3.3755,2974.4,Yes
Metro Detroit,2020-08-11T00:00:00Z,Total,1102,7,106509,4996,2021-12-29T14:11:47Z,26163,26163,michigan,26,MI,1753890,-3.3755,2974.4,Yes
Metro Detroit,2020-08-12T00:00:00Z,Total,966,5,107475,5001,2021-12-29T14:11:47Z,26163,26163,michigan,26,MI,1753890,-3.3755,2974.4,Yes
Metro Detroit,2020-08-13T00:00:00Z,Total,901,6,108376,5007,2021-12-29T14:11:47Z,26163,26163,michigan,26,MI,1753890,-3.3755,2974.4,Yes
Metro Detroit,2020-08-14T00:00:00Z,Total,894,6,109270,5013,2021-12-29T14:11:47Z,26163,26163,michigan,26,MI,1753890,-3.3755,2974.4,Yes
Metro Detroit,2020-08-15T00:00:00Z,Total,559,3,109829,5016,2021-12-29T14:11:47Z,26163,26163,michigan,26,MI,1753890,-3.3755,2974.4,Yes
Metro Detroit,2020-08-16T00:00:00Z,Total,481,2,110310,5018,2021-12-29T14:11:47Z,26163,26163,michigan,26,MI,1753890,-3.3755,2974.4,Yes
Metro Detroit,2020-08-17T00:00:00Z,Total,1044,4,111354,5022,2021-12-29T14:11:47Z,26163,26163,michigan,26,MI,1753890,-3.3755,2974.4,Yes
Metro Detroit,2020-08-18T00:00:00Z,Total,955,6,112309,5028,2021-12-29T14:11:47Z,26163,26163,michigan,26,MI,1753890,-3.3755,2974.4,Yes
Metro Detroit,2020-08-19T00:00:00Z,Total,935,7,113244,5035,2021-12-29T14:11:47Z,26163,26163,michigan,26,MI,1753890,-3.3755,2974.4,Yes
Metro Detroit,2020-08-20T00:00:00Z,Total,852,5,114096,5040,2021-12-29T14:11:47Z,26163,26163,michigan,26,MI,1753890,-3.3755,2974.4,Yes
Metro Detroit,2020-08-21T00:00:00Z,Total,908,4,115004,5044,2021-12-29T14:11:47Z,26163,26163,michigan,26,MI,1753890,-3.3755,2974.4,Yes
Metro Detroit,2020-08-22T00:00:00Z,Total,586,1,115590,5045,2021-12-29T14:11:47Z,26163,26163,michigan,26,MI,1753890,-3.3755,2974.4,Yes
Metro Detroit,2020-08-23T00:00:00Z,Total,488,7,116078,5052,2021-12-29T14:11:47Z,26163,26163,michigan,26,MI,1753890,-3.3755,2974.4,Yes
Metro Detroit,2020-08-24T00:00:00Z,Total,961,3,117039,5055,2021-12-29T14:11:47Z,26163,26163,michigan,26,MI,1753890,-3.3755,2974.4,Yes
Metro Detroit,2020-08-25T00:00:00Z,Total,829,7,117868,5062,2021-12-29T14:11:47Z,26163,26163,michigan,26,MI,1753890,-3.3755,2974.4,Yes
Metro Detroit,2020-08-26T00:00:00Z,Total,798,6,118666,5068,2021-12-29T14:11:47Z,26163,26163,michigan,26,MI,1753890,-3.3755,2974.4,Yes
Metro Detroit,2020-08-27T00:00:00Z,Total,747,6,119413,5074,2021-12-29T14:11:47Z,26163,26163,michigan,26,MI,1753890,-3.3755,2974.4,Yes
Metro Detroit,2020-08-28T00:00:00Z,Total,699,6,120112,5080,2021-12-29T14:11:47Z,26163,26163,michigan,26,MI,1753890,-3.3755,2974.4,Yes
Metro Detroit,2020-08-29T00:00:00Z,Total,554,2,120666,5082,2021-12-29T14:11:47Z,26163,26163,michigan,26,MI,1753890,-3.3755,2974.4,Yes
Metro Detroit,2020-08-30T00:00:00Z,Total,378,4,121044,5086,2021-12-29T14:11:47Z,26163,26163,michigan,26,MI,1753890,-3.3755,2974.4,Yes
Metro Detroit,2020-08-31T00:00:00Z,Total,755,6,121799,5092,2021-12-29T14:11:47Z,26163,26163,michigan,26,MI,1753890,-3.3755,2974.4,Yes
Metro Detroit,2020-09-01T00:00:00Z,Total,807,7,122606,5099,2021-12-29T14:11:47Z,26163,26163,michigan,26,MI,1753890,-3.3755,2974.4,Yes
Metro Detroit,2020-09-02T00:00:00Z,Total,719,7,123325,5106,2021-12-29T14:11:47Z,26163,26163,michigan,26,MI,1753890,-3.3755,2974.4,Yes
Metro Detroit,2020-09-03T00:00:00Z,Total,613,7,123938,5113,2021-12-29T14:11:47Z,26163,26163,michigan,26,MI,1753890,-3.3755,2974.4,Yes
Metro Detroit,2020-09-04T00:00:00Z,Total,571,4,124509,5117,2021-12-29T14:11:47Z,26163,26163,michigan,26,MI,1753890,-3.3755,2974.4,Yes
Metro Detroit,2020-09-05T00:00:00Z,Total,427,4,124936,5121,2021-12-29T14:11:47Z,26163,26163,michigan,26,MI,1753890,-3.3755,2974.4,Yes
Metro Detroit,2020-09-06T00:00:00Z,Total,288,6,125224,5127,2021-12-29T14:11:47Z,26163,26163,michigan,26,MI,1753890,-3.3755,2974.4,Yes
Metro Detroit,2020-09-07T00:00:00Z,Total,311,5,125535,5132,2021-12-29T14:11:47Z,26163,26163,michigan,26,MI,1753890,-3.3755,2974.4,Yes
Metro Detroit,2020-09-08T00:00:00Z,Total,828,6,126363,5138,2021-12-29T14:11:47Z,26163,26163,michigan,26,MI,1753890,-3.3755,2974.4,Yes
Metro Detroit,2020-09-09T00:00:00Z,Total,773,3,127136,5141,2021-12-29T14:11:47Z,26163,26163,michigan,26,MI,1753890,-3.3755,2974.4,Yes
Metro Detroit,2020-09-10T00:00:00Z,Total,679,3,127815,5144,2021-12-29T14:11:47Z,26163,26163,michigan,26,MI,1753890,-3.3755,2974.4,Yes
Metro Detroit,2020-09-11T00:00:00Z,Total,675,5,128490,5149,2021-12-29T14:11:47Z,26163,26163,michigan,26,MI,1753890,-3.3755,2974.4,Yes
Metro Detroit,2020-09-12T00:00:00Z,Total,482,2,128972,5151,2021-12-29T14:11:47Z,26163,26163,michigan,26,MI,1753890,-3.3755,2974.4,Yes
Metro Detroit,2020-09-13T00:00:00Z,Total,367,4,129339,5155,2021-12-29T14:11:47Z,26163,26163,michigan,26,MI,1753890,-3.3755,2974.4,Yes
Metro Detroit,2020-09-14T00:00:00Z,Total,797,5,130136,5160,2021-12-29T14:11:47Z,26163,26163,michigan,26,MI,1753890,-3.3755,2974.4,Yes
Metro Detroit,2020-09-15T00:00:00Z,Total,691,6,130827,5166,2021-12-29T14:11:47Z,26163,26163,michigan,26,MI,1753890,-3.3755,2974.4,Yes
Metro Detroit,2020-09-16T00:00:00Z,Total,621,4,131448,5170,2021-12-29T14:11:47Z,26163,26163,michigan,26,MI,1753890,-3.3755,2974.4,Yes
Metro Detroit,2020-09-17T00:00:00Z,Total,621,6,132069,5176,2021-12-29T14:11:47Z,26163,26163,michigan,26,MI,1753890,-3.3755,2974.4,Yes
Metro Detroit,2020-09-18T00:00:00Z,Total,580,11,132649,5187,2021-12-29T14:11:47Z,26163,26163,michigan,26,MI,1753890,-3.3755,2974.4,Yes
Metro Detroit,2020-09-19T00:00:00Z,Total,377,4,133026,5191,2021-12-29T14:11:47Z,26163,26163,michigan,26,MI,1753890,-3.3755,2974.4,Yes
Metro Detroit,2020-09-20T00:00:00Z,Total,381,3,133407,5194,2021-12-29T14:11:47Z,26163,26163,michigan,26,MI,1753890,-3.3755,2974.4,Yes
Metro Detroit,2020-09-21T00:00:00Z,Total,831,3,134238,5197,2021-12-29T14:11:47Z,26163,26163,michigan,26,MI,1753890,-3.3755,2974.4,Yes
Metro Detroit,2020-09-22T00:00:00Z,Total,720,4,134958,5201,2021-12-29T14:11:47Z,26163,26163,michigan,26,MI,1753890,-3.3755,2974.4,Yes
Metro Detroit,2020-09-23T00:00:00Z,Total,665,5,135623,5206,2021-12-29T14:11:47Z,26163,26163,michigan,26,MI,1753890,-3.3755,2974.4,Yes
Metro Detroit,2020-09-24T00:00:00Z,Total,474,3,136097,5209,2021-12-29T14:11:47Z,26163,26163,michigan,26,MI,1753890,-3.3755,2974.4,Yes
Metro Detroit,2020-09-25T00:00:00Z,Total,348,8,136445,5217,2021-12-29T14:11:47Z,26163,26163,michigan,26,MI,1753890,-3.3755,2974.4,Yes
Metro Detroit,2020-09-26T00:00:00Z,Total,267,5,136712,5222,2021-12-29T14:11:47Z,26163,26163,michigan,26,MI,1753890,-3.3755,2974.4,Yes
Metro Detroit,2020-09-27T00:00:00Z,Total,251,6,136963,5228,2021-12-29T14:11:47Z,26163,26163,michigan,26,MI,1753890,-3.3755,2974.4,Yes
Metro Detroit,2020-09-28T00:00:00Z,Total,423,4,137386,5232,2021-12-29T14:11:47Z,26163,26163,michigan,26,MI,1753890,-3.3755,2974.4,Yes
Metro Detroit,2020-09-29T00:00:00Z,Total,352,5,137738,5237,2021-12-29T14:11:47Z,26163,26163,michigan,26,MI,1753890,-3.3755,2974.4,Yes
Metro Detroit,2020-09-30T00:00:00Z,Total,316,4,138054,5241,2021-12-29T14:11:47Z,26163,26163,michigan,26,MI,1753890,-3.3755,2974.4,Yes
Metro Detroit,2020-10-01T00:00:00Z,Total,341,7,138395,5248,2021-12-29T14:11:47Z,26163,26163,michigan,26,MI,1753890,-3.3755,2974.4,Yes
Metro Detroit,2020-10-02T00:00:00Z,Total,346,5,138741,5253,2021-12-29T14:11:47Z,26163,26163,michigan,26,MI,1753890,-3.3755,2974.4,Yes
Metro Detroit,2020-10-03T00:00:00Z,Total,278,8,139019,5261,2021-12-29T14:11:47Z,26163,26163,michigan,26,MI,1753890,-3.3755,2974.4,Yes
Metro Detroit,2020-10-04T00:00:00Z,Total,255,8,139274,5269,2021-12-29T14:11:47Z,26163,26163,michigan,26,MI,1753890,-3.3755,2974.4,Yes
Metro Detroit,2020-10-05T00:00:00Z,Total,436,5,139710,5274,2021-12-29T14:11:47Z,26163,26163,michigan,26,MI,1753890,-3.3755,2974.4,Yes
Metro Detroit,2020-10-06T00:00:00Z,Total,467,4,140177,5278,2021-12-29T14:11:47Z,26163,26163,michigan,26,MI,1753890,-3.3755,2974.4,Yes
Metro Detroit,2020-10-07T00:00:00Z,Total,487,5,140664,5283,2021-12-29T14:11:47Z,26163,26163,michigan,26,MI,1753890,-3.3755,2974.4,Yes
Metro Detroit,2020-10-08T00:00:00Z,Total,468,6,141132,5289,2021-12-29T14:11:47Z,26163,26163,michigan,26,MI,1753890,-3.3755,2974.4,Yes
Metro Detroit,2020-10-09T00:00:00Z,Total,489,6,141621,5295,2021-12-29T14:11:47Z,26163,26163,michigan,26,MI,1753890,-3.3755,2974.4,Yes
Metro Detroit,2020-10-10T00:00:00Z,Total,367,8,141988,5303,2021-12-29T14:11:47Z,26163,26163,michigan,26,MI,1753890,-3.3755,2974.4,Yes
Metro Detroit,2020-10-11T00:00:00Z,Total,364,4,142352,5307,2021-12-29T14:11:47Z,26163,26163,michigan,26,MI,1753890,-3.3755,2974.4,Yes
Metro Detroit,2020-10-12T00:00:00Z,Total,534,4,142886,5311,2021-12-29T14:11:47Z,26163,26163,michigan,26,MI,1753890,-3.3755,2974.4,Yes
Metro Detroit,2020-10-13T00:00:00Z,Total,562,8,143448,5319,2021-12-29T14:11:47Z,26163,26163,michigan,26,MI,1753890,-3.3755,2974.4,Yes
Metro Detroit,2020-10-14T00:00:00Z,Total,574,7,144022,5326,2021-12-29T14:11:47Z,26163,26163,michigan,26,MI,1753890,-3.3755,2974.4,Yes
Metro Detroit,2020-10-15T00:00:00Z,Total,495,4,144517,5330,2021-12-29T14:11:47Z,26163,26163,michigan,26,MI,1753890,-3.3755,2974.4,Yes
Metro Detroit,2020-10-16T00:00:00Z,Total,499,10,145016,5340,2021-12-29T14:11:47Z,26163,26163,michigan,26,MI,1753890,-3.3755,2974.4,Yes
Metro Detroit,2020-10-17T00:00:00Z,Total,413,4,145429,5344,2021-12-29T14:11:47Z,26163,26163,michigan,26,MI,1753890,-3.3755,2974.4,Yes
Metro Detroit,2020-10-18T00:00:00Z,Total,391,6,145820,5350,2021-12-29T14:11:47Z,26163,26163,michigan,26,MI,1753890,-3.3755,2974.4,Yes
Metro Detroit,2020-10-19T00:00:00Z,Total,753,8,146573,5358,2021-12-29T14:11:47Z,26163,26163,michigan,26,MI,1753890,-3.3755,2974.4,Yes
Metro Detroit,2020-10-20T00:00:00Z,Total,809,12,147382,5370,2021-12-29T14:11:47Z,26163,26163,michigan,26,MI,1753890,-3.3755,2974.4,Yes
Metro Detroit,2020-10-21T00:00:00Z,Total,792,5,148174,5375,2021-12-29T14:11:47Z,26163,26163,michigan,26,MI,1753890,-3.3755,2974.4,Yes
Metro Detroit,2020-10-22T00:00:00Z,Total,815,4,148989,5379,2021-12-29T14:11:47Z,26163,26163,michigan,26,MI,1753890,-3.3755,2974.4,Yes
Metro Detroit,2020-10-23T00:00:00Z,Total,784,5,149773,5384,2021-12-29T14:11:47Z,26163,26163,michigan,26,MI,1753890,-3.3755,2974.4,Yes
Metro Detroit,2020-10-24T00:00:00Z,Total,682,6,150455,5390,2021-12-29T14:11:47Z,26163,26163,michigan,26,MI,1753890,-3.3755,2974.4,Yes
Metro Detroit,2020-10-25T00:00:00Z,Total,600,7,151055,5397,2021-12-29T14:11:47Z,26163,26163,michigan,26,MI,1753890,-3.3755,2974.4,Yes
Metro Detroit,2020-10-26T00:00:00Z,Total,1154,4,152209,5401,2021-12-29T14:11:47Z,26163,26163,michigan,26,MI,1753890,-3.3755,2974.4,Yes
Metro Detroit,2020-10-27T00:00:00Z,Total,1165,4,153374,5405,2021-12-29T14:11:47Z,26163,26163,michigan,26,MI,1753890,-3.3755,2974.4,Yes
Metro Detroit,2020-10-28T00:00:00Z,Total,1198,7,154572,5412,2021-12-29T14:11:47Z,26163,26163,michigan,26,MI,1753890,-3.3755,2974.4,Yes
Metro Detroit,2020-10-29T00:00:00Z,Total,1117,7,155689,5419,2021-12-29T14:11:47Z,26163,26163,michigan,26,MI,1753890,-3.3755,2974.4,Yes
Metro Detroit,2020-10-30T00:00:00Z,Total,1166,9,156855,5428,2021-12-29T14:11:47Z,26163,26163,michigan,26,MI,1753890,-3.3755,2974.4,Yes
Metro Detroit,2020-10-31T00:00:00Z,Total,889,9,157744,5437,2021-12-29T14:11:47Z,26163,26163,michigan,26,MI,1753890,-3.3755,2974.4,Yes
Metro Detroit,2020-11-01T00:00:00Z,Total,933,8,158677,5445,2021-12-29T14:11:47Z,26163,26163,michigan,26,MI,1753890,-3.3755,2974.4,Yes
Metro Detroit,2020-11-02T00:00:00Z,Total,1664,12,160341,5457,2021-12-29T14:11:47Z,26163,26163,michigan,26,MI,1753890,-3.3755,2974.4,Yes
Metro Detroit,2020-11-03T00:00:00Z,Total,1648,10,161989,5467,2021-12-29T14:11:47Z,26163,26163,michigan,26,MI,1753890,-3.3755,2974.4,Yes
Metro Detroit,2020-11-04T00:00:00Z,Total,1864,15,163853,5482,2021-12-29T14:11:47Z,26163,26163,michigan,26,MI,1753890,-3.3755,2974.4,Yes
Metro Detroit,2020-11-05T00:00:00Z,Total,1780,10,165633,5492,2021-12-29T14:11:47Z,26163,26163,michigan,26,MI,1753890,-3.3755,2974.4,Yes
Metro Detroit,2020-11-06T00:00:00Z,Total,1766,12,167399,5504,2021-12-29T14:11:47Z,26163,26163,michigan,26,MI,1753890,-3.3755,2974.4,Yes
Metro Detroit,2020-11-07T00:00:00Z,Total,1431,15,168830,5519,2021-12-29T14:11:47Z,26163,26163,michigan,26,MI,1753890,-3.3755,2974.4,Yes
Metro Detroit,2020-11-08T00:00:00Z,Total,1362,14,170192,5533,2021-12-29T14:11:47Z,26163,26163,michigan,26,MI,1753890,-3.3755,2974.4,Yes
Metro Detroit,2020-11-09T00:00:00Z,Total,2344,20,172536,5553,2021-12-29T14:11:47Z,26163,26163,michigan,26,MI,1753890,-3.3755,2974.4,Yes
Metro Detroit,2020-11-10T00:00:00Z,Total,2396,15,174932,5568,2021-12-29T14:11:47Z,26163,26163,michigan,26,MI,1753890,-3.3755,2974.4,Yes
Metro Detroit,2020-11-11T00:00:00Z,Total,2127,22,177059,5590,2021-12-29T14:11:47Z,26163,26163,michigan,26,MI,1753890,-3.3755,2974.4,Yes
Metro Detroit,2020-11-12T00:00:00Z,Total,2281,16,179340,5606,2021-12-29T14:11:47Z,26163,26163,michigan,26,MI,1753890,-3.3755,2974.4,Yes
Metro Detroit,2020-11-13T00:00:00Z,Total,2189,7,181529,5613,2021-12-29T14:11:47Z,26163,26163,michigan,26,MI,1753890,-3.3755,2974.4,Yes
Metro Detroit,2020-11-14T00:00:00Z,Total,1612,9,183141,5622,2021-12-29T14:11:47Z,26163,26163,michigan,26,MI,1753890,-3.3755,2974.4,Yes
Metro Detroit,2020-11-15T00:00:00Z,Total,1274,23,184415,5645,2021-12-29T14:11:47Z,26163,26163,michigan,26,MI,1753890,-3.3755,2974.4,Yes
Metro Detroit,2020-11-16T00:00:00Z,Total,2413,13,186828,5658,2021-12-29T14:11:47Z,26163,26163,michigan,26,MI,1753890,-3.3755,2974.4,Yes
Metro Detroit,2020-11-17T00:00:00Z,Total,2224,32,189052,5690,2021-12-29T14:11:47Z,26163,26163,michigan,26,MI,1753890,-3.3755,2974.4,Yes
Metro Detroit,2020-11-18T00:00:00Z,Total,2395,19,191447,5709,2021-12-29T14:11:47Z,26163,26163,michigan,26,MI,1753890,-3.3755,2974.4,Yes
Metro Detroit,2020-11-19T00:00:00Z,Total,2303,29,193750,5738,2021-12-29T14:11:47Z,26163,26163,michigan,26,MI,1753890,-3.3755,2974.4,Yes
Metro Detroit,2020-11-20T00:00:00Z,Total,2270,22,196020,5760,2021-12-29T14:11:47Z,26163,26163,michigan,26,MI,1753890,-3.3755,2974.4,Yes
Metro Detroit,2020-11-21T00:00:00Z,Total,1583,40,197603,5800,2021-12-29T14:11:47Z,26163,26163,michigan,26,MI,1753890,-3.3755,2974.4,Yes
Metro Detroit,2020-11-22T00:00:00Z,Total,1313,28,198916,5828,2021-12-29T14:11:47Z,26163,26163,michigan,26,MI,1753890,-3.3755,2974.4,Yes
Metro Detroit,2020-11-23T00:00:00Z,Total,2502,39,201418,5867,2021-12-29T14:11:47Z,26163,26163,michigan,26,MI,1753890,-3.3755,2974.4,Yes
Metro Detroit,2020-11-24T00:00:00Z,Total,2233,33,203651,5900,2021-12-29T14:11:47Z,26163,26163,michigan,26,MI,1753890,-3.3755,2974.4,Yes
Metro Detroit,2020-11-25T00:00:00Z,Total,2365,24,206016,5924,2021-12-29T14:11:47Z,26163,26163,michigan,26,MI,1753890,-3.3755,2974.4,Yes
Metro Detroit,2020-11-26T00:00:00Z,Total,816,19,206832,5943,2021-12-29T14:11:47Z,26163,26163,michigan,26,MI,1753890,-3.3755,2974.4,Yes
Metro Detroit,2020-11-27T00:00:00Z,Total,1934,34,208766,5977,2021-12-29T14:11:47Z,26163,26163,michigan,26,MI,1753890,-3.3755,2974.4,Yes
Metro Detroit,2020-11-28T00:00:00Z,Total,1548,34,210314,6011,2021-12-29T14:11:47Z,26163,26163,michigan,26,MI,1753890,-3.3755,2974.4,Yes
Metro Detroit,2020-11-29T00:00:00Z,Total,1306,34,211620,6045,2021-12-29T14:11:47Z,26163,26163,michigan,26,MI,1753890,-3.3755,2974.4,Yes
Metro Detroit,2020-11-30T00:00:00Z,Total,2395,35,214015,6080,2021-12-29T14:11:47Z,26163,26163,michigan,26,MI,1753890,-3.3755,2974.4,Yes
Metro Detroit,2020-12-01T00:00:00Z,Total,2023,39,216038,6119,2021-12-29T14:11:47Z,26163,26163,michigan,26,MI,1753890,-3.3755,2974.4,Yes
Metro Detroit,2020-12-02T00:00:00Z,Total,2004,33,218042,6152,2021-12-29T14:11:47Z,26163,26163,michigan,26,MI,1753890,-3.3755,2974.4,Yes
Metro Detroit,2020-12-03T00:00:00Z,Total,1832,34,219874,6186,2021-12-29T14:11:47Z,26163,26163,michigan,26,MI,1753890,-3.3755,2974.4,Yes
Metro Detroit,2020-12-04T00:00:00Z,Total,1726,38,221600,6224,2021-12-29T14:11:47Z,26163,26163,michigan,26,MI,1753890,-3.3755,2974.4,Yes
Metro Detroit,2020-12-05T00:00:00Z,Total,1261,44,222861,6268,2021-12-29T14:11:47Z,26163,26163,michigan,26,MI,1753890,-3.3755,2974.4,Yes
Metro Detroit,2020-12-06T00:00:00Z,Total,1051,37,223912,6305,2021-12-29T14:11:47Z,26163,26163,michigan,26,MI,1753890,-3.3755,2974.4,Yes
Metro Detroit,2020-12-07T00:00:00Z,Total,1774,31,225686,6336,2021-12-29T14:11:47Z,26163,26163,michigan,26,MI,1753890,-3.3755,2974.4,Yes
Metro Detroit,2020-12-08T00:00:00Z,Total,1377,53,227063,6389,2021-12-29T14:11:47Z,26163,26163,michigan,26,MI,1753890,-3.3755,2974.4,Yes
Metro Detroit,2020-12-09T00:00:00Z,Total,1304,28,228367,6417,2021-12-29T14:11:47Z,26163,26163,michigan,26,MI,1753890,-3.3755,2974.4,Yes
Metro Detroit,2020-12-10T00:00:00Z,Total,1206,35,229573,6452,2021-12-29T14:11:47Z,26163,26163,michigan,26,MI,1753890,-3.3755,2974.4,Yes
Metro Detroit,2020-12-11T00:00:00Z,Total,1270,29,230843,6481,2021-12-29T14:11:47Z,26163,26163,michigan,26,MI,1753890,-3.3755,2974.4,Yes
Metro Detroit,2020-12-12T00:00:00Z,Total,877,38,231720,6519,2021-12-29T14:11:47Z,26163,26163,michigan,26,MI,1753890,-3.3755,2974.4,Yes
Metro Detroit,2020-12-13T00:00:00Z,Total,777,31,232497,6550,2021-12-29T14:11:47Z,26163,26163,michigan,26,MI,1753890,-3.3755,2974.4,Yes
Metro Detroit,2020-12-14T00:00:00Z,Total,1291,39,233788,6589,2021-12-29T14:11:47Z,26163,26163,michigan,26,MI,1753890,-3.3755,2974.4,Yes
Metro Detroit,2020-12-15T00:00:00Z,Total,1152,39,234940,6628,2021-12-29T14:11:47Z,26163,26163,michigan,26,MI,1753890,-3.3755,2974.4,Yes
Metro Detroit,2020-12-16T00:00:00Z,Total,1078,39,236018,6667,2021-12-29T14:11:47Z,26163,26163,michigan,26,MI,1753890,-3.3755,2974.4,Yes
Metro Detroit,2020-12-17T00:00:00Z,Total,1018,45,237036,6712,2021-12-29T14:11:47Z,26163,26163,michigan,26,MI,1753890,-3.3755,2974.4,Yes
Metro Detroit,2020-12-18T00:00:00Z,Total,1020,38,238056,6750,2021-12-29T14:11:47Z,26163,26163,michigan,26,MI,1753890,-3.3755,2974.4,Yes
Metro Detroit,2020-12-19T00:00:00Z,Total,752,24,238808,6774,2021-12-29T14:11:47Z,26163,26163,michigan,26,MI,1753890,-3.3755,2974.4,Yes
Metro Detroit,2020-12-20T00:00:00Z,Total,624,30,239432,6804,2021-12-29T14:11:47Z,26163,26163,michigan,26,MI,1753890,-3.3755,2974.4,Yes
Metro Detroit,2020-12-21T00:00:00Z,Total,998,46,240430,6850,2021-12-29T14:11:47Z,26163,26163,michigan,26,MI,1753890,-3.3755,2974.4,Yes
Metro Detroit,2020-12-22T00:00:00Z,Total,966,35,241396,6885,2021-12-29T14:11:47Z,26163,26163,michigan,26,MI,1753890,-3.3755,2974.4,Yes
Metro Detroit,2020-12-23T00:00:00Z,Total,949,42,242345,6927,2021-12-29T14:11:47Z,26163,26163,michigan,26,MI,1753890,-3.3755,2974.4,Yes
Metro Detroit,2020-12-24T00:00:00Z,Total,634,29,242979,6956,2021-12-29T14:11:47Z,26163,26163,michigan,26,MI,1753890,-3.3755,2974.4,Yes
Metro Detroit,2020-12-25T00:00:00Z,Total,385,22,243364,6978,2021-12-29T14:11:47Z,26163,26163,michigan,26,MI,1753890,-3.3755,2974.4,Yes
Metro Detroit,2020-12-26T00:00:00Z,Total,786,35,244150,7013,2021-12-29T14:11:47Z,26163,26163,michigan,26,MI,1753890,-3.3755,2974.4,Yes
Metro Detroit,2020-12-27T00:00:00Z,Total,729,28,244879,7041,2021-12-29T14:11:47Z,26163,26163,michigan,26,MI,1753890,-3.3755,2974.4,Yes
Metro Detroit,2020-12-28T00:00:00Z,Total,1272,28,246151,7069,2021-12-29T14:11:47Z,26163,26163,michigan,26,MI,1753890,-3.3755,2974.4,Yes
Metro Detroit,2020-12-29T00:00:00Z,Total,1071,30,247222,7099,2021-12-29T14:11:47Z,26163,26163,michigan,26,MI,1753890,-3.3755,2974.4,Yes
Metro Detroit,2020-12-30T00:00:00Z,Total,968,35,248190,7134,2021-12-29T14:11:47Z,26163,26163,michigan,26,MI,1753890,-3.3755,2974.4,Yes
Metro Detroit,2020-12-31T00:00:00Z,Total,832,26,249022,7160,2021-12-29T14:11:47Z,26163,26163,michigan,26,MI,1753890,-3.3755,2974.4,Yes
Metro Detroit,2021-01-01T00:00:00Z,Total,621,42,249643,7202,2021-12-29T14:11:47Z,26163,26163,michigan,26,MI,1753890,-3.3755,2974.4,Yes
Metro Detroit,2021-01-02T00:00:00Z,Total,889,31,250532,7233,2021-12-29T14:11:47Z,26163,26163,michigan,26,MI,1753890,-3.3755,2974.4,Yes
Metro Detroit,2021-01-03T00:00:00Z,Total,776,28,251308,7261,2021-12-29T14:11:47Z,26163,26163,michigan,26,MI,1753890,-3.3755,2974.4,Yes
Metro Detroit,2021-01-04T00:00:00Z,Total,1175,27,252483,7288,2021-12-29T14:11:47Z,26163,26163,michigan,26,MI,1753890,-3.3755,2974.4,Yes
Metro Detroit,2021-01-05T00:00:00Z,Total,1141,24,253624,7312,2021-12-29T14:11:47Z,26163,26163,michigan,26,MI,1753890,-3.3755,2974.4,Yes
Metro Detroit,2021-01-06T00:00:00Z,Total,959,31,254583,7343,2021-12-29T14:11:47Z,26163,26163,michigan,26,MI,1753890,-3.3755,2974.4,Yes
Metro Detroit,2021-01-07T00:00:00Z,Total,933,28,255516,7371,2021-12-29T14:11:47Z,26163,26163,michigan,26,MI,1753890,-3.3755,2974.4,Yes
Metro Detroit,2021-01-08T00:00:00Z,Total,800,29,256316,7400,2021-12-29T14:11:47Z,26163,26163,michigan,26,MI,1753890,-3.3755,2974.4,Yes
Metro Detroit,2021-01-09T00:00:00Z,Total,714,25,257030,7425,2021-12-29T14:11:47Z,26163,26163,michigan,26,MI,1753890,-3.3755,2974.4,Yes
Metro Detroit,2021-01-10T00:00:00Z,Total,547,34,257577,7459,2021-12-29T14:11:47Z,26163,26163,michigan,26,MI,1753890,-3.3755,2974.4,Yes
Metro Detroit,2021-01-11T00:00:00Z,Total,855,26,258432,7485,2021-12-29T14:11:47Z,26163,26163,michigan,26,MI,1753890,-3.3755,2974.4,Yes
Metro Detroit,2021-01-12T00:00:00Z,Total,772,27,259204,7512,2021-12-29T14:11:47Z,26163,26163,michigan,26,MI,1753890,-3.3755,2974.4,Yes
Metro Detroit,2021-01-13T00:00:00Z,Total,748,15,259952,7527,2021-12-29T14:11:47Z,26163,26163,michigan,26,MI,1753890,-3.3755,2974.4,Yes
Metro Detroit,2021-01-14T00:00:00Z,Total,838,20,260790,7547,2021-12-29T14:11:47Z,26163,26163,michigan,26,MI,1753890,-3.3755,2974.4,Yes
Metro Detroit,2021-01-15T00:00:00Z,Total,796,28,261586,7575,2021-12-29T14:11:47Z,26163,26163,michigan,26,MI,1753890,-3.3755,2974.4,Yes
Metro Detroit,2021-01-16T00:00:00Z,Total,570,21,262156,7596,2021-12-29T14:11:47Z,26163,26163,michigan,26,MI,1753890,-3.3755,2974.4,Yes
Metro Detroit,2021-01-17T00:00:00Z,Total,492,26,262648,7622,2021-12-29T14:11:47Z,26163,26163,michigan,26,MI,1753890,-3.3755,2974.4,Yes
Metro Detroit,2021-01-18T00:00:00Z,Total,760,14,263408,7636,2021-12-29T14:11:47Z,26163,26163,michigan,26,MI,1753890,-3.3755,2974.4,Yes
Metro Detroit,2021-01-19T00:00:00Z,Total,719,27,264127,7663,2021-12-29T14:11:47Z,26163,26163,michigan,26,MI,1753890,-3.3755,2974.4,Yes
Metro Detroit,2021-01-20T00:00:00Z,Total,723,19,264850,7682,2021-12-29T14:11:47Z,26163,26163,michigan,26,MI,1753890,-3.3755,2974.4,Yes
Metro Detroit,2021-01-21T00:00:00Z,Total,600,24,265450,7706,2021-12-29T14:11:47Z,26163,26163,michigan,26,MI,1753890,-3.3755,2974.4,Yes
Metro Detroit,2021-01-22T00:00:00Z,Total,616,31,266066,7737,2021-12-29T14:11:47Z,26163,26163,michigan,26,MI,1753890,-3.3755,2974.4,Yes
Metro Detroit,2021-01-23T00:00:00Z,Total,480,16,266546,7753,2021-12-29T14:11:47Z,26163,26163,michigan,26,MI,1753890,-3.3755,2974.4,Yes
Metro Detroit,2021-01-24T00:00:00Z,Total,378,16,266924,7769,2021-12-29T14:11:47Z,26163,26163,michigan,26,MI,1753890,-3.3755,2974.4,Yes
Metro Detroit,2021-01-25T00:00:00Z,Total,680,23,267604,7792,2021-12-29T14:11:47Z,26163,26163,michigan,26,MI,1753890,-3.3755,2974.4,Yes
Metro Detroit,2021-01-26T00:00:00Z,Total,503,16,268107,7808,2021-12-29T14:11:47Z,26163,26163,michigan,26,MI,1753890,-3.3755,2974.4,Yes
Metro Detroit,2021-01-27T00:00:00Z,Total,542,19,268649,7827,2021-12-29T14:11:47Z,26163,26163,michigan,26,MI,1753890,-3.3755,2974.4,Yes
Metro Detroit,2021-01-28T00:00:00Z,Total,479,12,269128,7839,2021-12-29T14:11:47Z,26163,26163,michigan,26,MI,1753890,-3.3755,2974.4,Yes
Metro Detroit,2021-01-29T00:00:00Z,Total,436,18,269564,7857,2021-12-29T14:11:47Z,26163,26163,michigan,26,MI,1753890,-3.3755,2974.4,Yes
Metro Detroit,2021-01-30T00:00:00Z,Total,373,11,269937,7868,2021-12-29T14:11:47Z,26163,26163,michigan,26,MI,1753890,-3.3755,2974.4,Yes
Metro Detroit,2021-01-31T00:00:00Z,Total,300,24,270237,7892,2021-12-29T14:11:47Z,26163,26163,michigan,26,MI,1753890,-3.3755,2974.4,Yes
Metro Detroit,2021-02-01T00:00:00Z,Total,532,14,270769,7906,2021-12-29T14:11:47Z,26163,26163,michigan,26,MI,1753890,-3.3755,2974.4,Yes
Metro Detroit,2021-02-02T00:00:00Z,Total,464,20,271233,7926,2021-12-29T14:11:47Z,26163,26163,michigan,26,MI,1753890,-3.3755,2974.4,Yes
Metro Detroit,2021-02-03T00:00:00Z,Total,406,16,271639,7942,2021-12-29T14:11:47Z,26163,26163,michigan,26,MI,1753890,-3.3755,2974.4,Yes
Metro Detroit,2021-02-04T00:00:00Z,Total,524,16,272163,7958,2021-12-29T14:11:47Z,26163,26163,michigan,26,MI,1753890,-3.3755,2974.4,Yes
Metro Detroit,2021-02-05T00:00:00Z,Total,545,16,272708,7974,2021-12-29T14:11:47Z,26163,26163,michigan,26,MI,1753890,-3.3755,2974.4,Yes
Metro Detroit,2021-02-06T00:00:00Z,Total,484,17,273192,7991,2021-12-29T14:11:47Z,26163,26163,michigan,26,MI,1753890,-3.3755,2974.4,Yes
Metro Detroit,2021-02-07T00:00:00Z,Total,394,5,273586,7996,2021-12-29T14:11:47Z,26163,26163,michigan,26,MI,1753890,-3.3755,2974.4,Yes
Metro Detroit,2021-02-08T00:00:00Z,Total,882,15,274468,8011,2021-12-29T14:11:47Z,26163,26163,michigan,26,MI,1753890,-3.3755,2974.4,Yes
Metro Detroit,2021-02-09T00:00:00Z,Total,858,5,275326,8016,2021-12-29T14:11:47Z,26163,26163,michigan,26,MI,1753890,-3.3755,2974.4,Yes
Metro Detroit,2021-02-10T00:00:00Z,Total,824,7,276150,8023,2021-12-29T14:11:47Z,26163,26163,michigan,26,MI,1753890,-3.3755,2974.4,Yes
Metro Detroit,2021-02-11T00:00:00Z,Total,700,15,276850,8038,2021-12-29T14:11:47Z,26163,26163,michigan,26,MI,1753890,-3.3755,2974.4,Yes
Metro Detroit,2021-02-12T00:00:00Z,Total,660,12,277510,8050,2021-12-29T14:11:47Z,26163,26163,michigan,26,MI,1753890,-3.3755,2974.4,Yes
Metro Detroit,2021-02-13T00:00:00Z,Total,434,13,277944,8063,2021-12-29T14:11:47Z,26163,26163,michigan,26,MI,1753890,-3.3755,2974.4,Yes
Metro Detroit,2021-02-14T00:00:00Z,Total,352,8,278296,8071,2021-12-29T14:11:47Z,26163,26163,michigan,26,MI,1753890,-3.3755,2974.4,Yes
Metro Detroit,2021-02-15T00:00:00Z,Total,716,7,279012,8078,2021-12-29T14:11:47Z,26163,26163,michigan,26,MI,1753890,-3.3755,2974.4,Yes
Metro Detroit,2021-02-16T00:00:00Z,Total,534,10,279546,8088,2021-12-29T14:11:47Z,26163,26163,michigan,26,MI,1753890,-3.3755,2974.4,Yes
Metro Detroit,2021-02-17T00:00:00Z,Total,706,10,280252,8098,2021-12-29T14:11:47Z,26163,26163,michigan,26,MI,1753890,-3.3755,2974.4,Yes
Metro Detroit,2021-02-18T00:00:00Z,Total,521,12,280773,8110,2021-12-29T14:11:47Z,26163,26163,michigan,26,MI,1753890,-3.3755,2974.4,Yes
Metro Detroit,2021-02-19T00:00:00Z,Total,404,14,281177,8124,2021-12-29T14:11:47Z,26163,26163,michigan,26,MI,1753890,-3.3755,2974.4,Yes
Metro Detroit,2021-02-20T00:00:00Z,Total,287,10,281464,8134,2021-12-29T14:11:47Z,26163,26163,michigan,26,MI,1753890,-3.3755,2974.4,Yes
Metro Detroit,2021-02-21T00:00:00Z,Total,284,6,281748,8140,2021-12-29T14:11:47Z,26163,26163,michigan,26,MI,1753890,-3.3755,2974.4,Yes
Metro Detroit,2021-02-22T00:00:00Z,Total,486,11,282234,8151,2021-12-29T14:11:47Z,26163,26163,michigan,26,MI,1753890,-3.3755,2974.4,Yes
Metro Detroit,2021-02-23T00:00:00Z,Total,502,4,282736,8155,2021-12-29T14:11:47Z,26163,26163,michigan,26,MI,1753890,-3.3755,2974.4,Yes
Metro Detroit,2021-02-24T00:00:00Z,Total,462,3,283198,8158,2021-12-29T14:11:47Z,26163,26163,michigan,26,MI,1753890,-3.3755,2974.4,Yes
Metro Detroit,2021-02-25T00:00:00Z,Total,431,6,283629,8164,2021-12-29T14:11:47Z,26163,26163,michigan,26,MI,1753890,-3.3755,2974.4,Yes
Metro Detroit,2021-02-26T00:00:00Z,Total,504,3,284133,8167,2021-12-29T14:11:47Z,26163,26163,michigan,26,MI,1753890,-3.3755,2974.4,Yes
Metro Detroit,2021-02-27T00:00:00Z,Total,373,7,284506,8174,2021-12-29T14:11:47Z,26163,26163,michigan,26,MI,1753890,-3.3755,2974.4,Yes
Metro Detroit,2021-02-28T00:00:00Z,Total,412,6,284918,8180,2021-12-29T14:11:47Z,26163,26163,michigan,26,MI,1753890,-3.3755,2974.4,Yes
Metro Detroit,2021-03-01T00:00:00Z,Total,723,6,285641,8186,2021-12-29T14:11:47Z,26163,26163,michigan,26,MI,1753890,-3.3755,2974.4,Yes
Metro Detroit,2021-03-02T00:00:00Z,Total,599,4,286240,8190,2021-12-29T14:11:47Z,26163,26163,michigan,26,MI,1753890,-3.3755,2974.4,Yes
Metro Detroit,2021-03-03T00:00:00Z,Total,646,7,286886,8197,2021-12-29T14:11:47Z,26163,26163,michigan,26,MI,1753890,-3.3755,2974.4,Yes
Metro Detroit,2021-03-04T00:00:00Z,Total,650,3,287536,8200,2021-12-29T14:11:47Z,26163,26163,michigan,26,MI,1753890,-3.3755,2974.4,Yes
Metro Detroit,2021-03-05T00:00:00Z,Total,612,9,288148,8209,2021-12-29T14:11:47Z,26163,26163,michigan,26,MI,1753890,-3.3755,2974.4,Yes
Metro Detroit,2021-03-06T00:00:00Z,Total,560,5,288708,8214,2021-12-29T14:11:47Z,26163,26163,michigan,26,MI,1753890,-3.3755,2974.4,Yes
Metro Detroit,2021-03-07T00:00:00Z,Total,539,4,289247,8218,2021-12-29T14:11:47Z,26163,26163,michigan,26,MI,1753890,-3.3755,2974.4,Yes
Metro Detroit,2021-03-08T00:00:00Z,Total,824,5,290071,8223,2021-12-29T14:11:47Z,26163,26163,michigan,26,MI,1753890,-3.3755,2974.4,Yes
Metro Detroit,2021-03-09T00:00:00Z,Total,900,5,290971,8228,2021-12-29T14:11:47Z,26163,26163,michigan,26,MI,1753890,-3.3755,2974.4,Yes
Metro Detroit,2021-03-10T00:00:00Z,Total,1037,7,292008,8235,2021-12-29T14:11:47Z,26163,26163,michigan,26,MI,1753890,-3.3755,2974.4,Yes
Metro Detroit,2021-03-11T00:00:00Z,Total,889,5,292897,8240,2021-12-29T14:11:47Z,26163,26163,michigan,26,MI,1753890,-3.3755,2974.4,Yes
Metro Detroit,2021-03-12T00:00:00Z,Total,941,5,293838,8245,2021-12-29T14:11:47Z,26163,26163,michigan,26,MI,1753890,-3.3755,2974.4,Yes
Metro Detroit,2021-03-13T00:00:00Z,Total,852,4,294690,8249,2021-12-29T14:11:47Z,26163,26163,michigan,26,MI,1753890,-3.3755,2974.4,Yes
Metro Detroit,2021-03-14T00:00:00Z,Total,831,7,295521,8256,2021-12-29T14:11:47Z,26163,26163,michigan,26,MI,1753890,-3.3755,2974.4,Yes
Metro Detroit,2021-03-15T00:00:00Z,Total,1391,10,296912,8266,2021-12-29T14:11:47Z,26163,26163,michigan,26,MI,1753890,-3.3755,2974.4,Yes
Metro Detroit,2021-03-16T00:00:00Z,Total,1329,8,298241,8274,2021-12-29T14:11:47Z,26163,26163,michigan,26,MI,1753890,-3.3755,2974.4,Yes
Metro Detroit,2021-03-17T00:00:00Z,Total,1549,10,299790,8284,2021-12-29T14:11:47Z,26163,26163,michigan,26,MI,1753890,-3.3755,2974.4,Yes
Metro Detroit,2021-03-18T00:00:00Z,Total,1559,6,301349,8290,2021-12-29T14:11:47Z,26163,26163,michigan,26,MI,1753890,-3.3755,2974.4,Yes
Metro Detroit,2021-03-19T00:00:00Z,Total,1763,7,303112,8297,2021-12-29T14:11:47Z,26163,26163,michigan,26,MI,1753890,-3.3755,2974.4,Yes
Metro Detroit,2021-03-20T00:00:00Z,Total,1570,2,304682,8299,2021-12-29T14:11:47Z,26163,26163,michigan,26,MI,1753890,-3.3755,2974.4,Yes
Metro Detroit,2021-03-21T00:00:00Z,Total,1593,14,306275,8313,2021-12-29T14:11:47Z,26163,26163,michigan,26,MI,1753890,-3.3755,2974.4,Yes
Metro Detroit,2021-03-22T00:00:00Z,Total,2925,7,309200,8320,2021-12-29T14:11:47Z,26163,26163,michigan,26,MI,1753890,-3.3755,2974.4,Yes
Metro Detroit,2021-03-23T00:00:00Z,Total,2940,11,312140,8331,2021-12-29T14:11:47Z,26163,26163,michigan,26,MI,1753890,-3.3755,2974.4,Yes
Metro Detroit,2021-03-24T00:00:00Z,Total,3213,15,315353,8346,2021-12-29T14:11:47Z,26163,26163,michigan,26,MI,1753890,-3.3755,2974.4,Yes
Metro Detroit,2021-03-25T00:00:00Z,Total,3250,17,318603,8363,2021-12-29T14:11:47Z,26163,26163,michigan,26,MI,1753890,-3.3755,2974.4,Yes
Metro Detroit,2021-03-26T00:00:00Z,Total,3114,8,321717,8371,2021-12-29T14:11:47Z,26163,26163,michigan,26,MI,1753890,-3.3755,2974.4,Yes
Metro Detroit,2021-03-27T00:00:00Z,Total,2405,12,324122,8383,2021-12-29T14:11:47Z,26163,26163,michigan,26,MI,1753890,-3.3755,2974.4,Yes
Metro Detroit,2021-03-28T00:00:00Z,Total,2178,13,326300,8396,2021-12-29T14:11:47Z,26163,26163,michigan,26,MI,1753890,-3.3755,2974.4,Yes
Metro Detroit,2021-03-29T00:00:00Z,Total,3760,12,330060,8408,2021-12-29T14:11:47Z,26163,26163,michigan,26,MI,1753890,-3.3755,2974.4,Yes
Metro Detroit,2021-03-30T00:00:00Z,Total,3410,19,333470,8427,2021-12-29T14:11:47Z,26163,26163,michigan,26,MI,1753890,-3.3755,2974.4,Yes
Metro Detroit,2021-03-31T00:00:00Z,Total,3332,16,336802,8443,2021-12-29T14:11:47Z,26163,26163,michigan,26,MI,1753890,-3.3755,2974.4,Yes
Metro Detroit,2021-04-01T00:00:00Z,Total,2886,8,339688,8451,2021-12-29T14:11:47Z,26163,26163,michigan,26,MI,1753890,-3.3755,2974.4,Yes
Metro Detroit,2021-04-02T00:00:00Z,Total,2824,23,342512,8474,2021-12-29T14:11:47Z,26163,26163,michigan,26,MI,1753890,-3.3755,2974.4,Yes
Metro Detroit,2021-04-03T00:00:00Z,Total,2312,23,344824,8497,2021-12-29T14:11:47Z,26163,26163,michigan,26,MI,1753890,-3.3755,2974.4,Yes
Metro Detroit,2021-04-04T00:00:00Z,Total,2062,21,346886,8518,2021-12-29T14:11:47Z,26163,26163,michigan,26,MI,1753890,-3.3755,2974.4,Yes
Metro Detroit,2021-04-05T00:00:00Z,Total,3653,21,350539,8539,2021-12-29T14:11:47Z,26163,26163,michigan,26,MI,1753890,-3.3755,2974.4,Yes
Metro Detroit,2021-04-06T00:00:00Z,Total,3420,22,353959,8561,2021-12-29T14:11:47Z,26163,26163,michigan,26,MI,1753890,-3.3755,2974.4,Yes
Metro Detroit,2021-04-07T00:00:00Z,Total,3393,13,357352,8574,2021-12-29T14:11:47Z,26163,26163,michigan,26,MI,1753890,-3.3755,2974.4,Yes
Metro Detroit,2021-04-08T00:00:00Z,Total,3200,35,360552,8609,2021-12-29T14:11:47Z,26163,26163,michigan,26,MI,1753890,-3.3755,2974.4,Yes
Metro Detroit,2021-04-09T00:00:00Z,Total,3048,25,363600,8634,2021-12-29T14:11:47Z,26163,26163,michigan,26,MI,1753890,-3.3755,2974.4,Yes
Metro Detroit,2021-04-10T00:00:00Z,Total,2269,15,365869,8649,2021-12-29T14:11:47Z,26163,26163,michigan,26,MI,1753890,-3.3755,2974.4,Yes
Metro Detroit,2021-04-11T00:00:00Z,Total,1895,16,367764,8665,2021-12-29T14:11:47Z,26163,26163,michigan,26,MI,1753890,-3.3755,2974.4,Yes
Metro Detroit,2021-04-12T00:00:00Z,Total,3470,27,371234,8692,2021-12-29T14:11:47Z,26163,26163,michigan,26,MI,1753890,-3.3755,2974.4,Yes
Metro Detroit,2021-04-13T00:00:00Z,Total,3002,24,374236,8716,2021-12-29T14:11:47Z,26163,26163,michigan,26,MI,1753890,-3.3755,2974.4,Yes
Metro Detroit,2021-04-14T00:00:00Z,Total,2749,22,376985,8738,2021-12-29T14:11:47Z,26163,26163,michigan,26,MI,1753890,-3.3755,2974.4,Yes
Metro Detroit,2021-04-15T00:00:00Z,Total,2505,38,379490,8776,2021-12-29T14:11:47Z,26163,26163,michigan,26,MI,1753890,-3.3755,2974.4,Yes
Metro Detroit,2021-04-16T00:00:00Z,Total,2247,42,381737,8818,2021-12-29T14:11:47Z,26163,26163,michigan,26,MI,1753890,-3.3755,2974.4,Yes
Metro Detroit,2021-04-17T00:00:00Z,Total,1580,29,383317,8847,2021-12-29T14:11:47Z,26163,26163,michigan,26,MI,1753890,-3.3755,2974.4,Yes
Metro Detroit,2021-04-18T00:00:00Z,Total,1374,22,384691,8869,2021-12-29T14:11:47Z,26163,26163,michigan,26,MI,1753890,-3.3755,2974.4,Yes
Metro Detroit,2021-04-19T00:00:00Z,Total,2498,36,387189,8905,2021-12-29T14:11:47Z,26163,26163,michigan,26,MI,1753890,-3.3755,2974.4,Yes
Metro Detroit,2021-04-20T00:00:00Z,Total,2007,37,389196,8942,2021-12-29T14:11:47Z,26163,26163,michigan,26,MI,1753890,-3.3755,2974.4,Yes
Metro Detroit,2021-04-21T00:00:00Z,Total,1915,31,391111,8973,2021-12-29T14:11:47Z,26163,26163,michigan,26,MI,1753890,-3.3755,2974.4,Yes
Metro Detroit,2021-04-22T00:00:00Z,Total,1702,43,392813,9016,2021-12-29T14:11:47Z,26163,26163,michigan,26,MI,1753890,-3.3755,2974.4,Yes
Metro Detroit,2021-04-23T00:00:00Z,Total,1688,48,394501,9064,2021-12-29T14:11:47Z,26163,26163,michigan,26,MI,1753890,-3.3755,2974.4,Yes
Metro Detroit,2021-04-24T00:00:00Z,Total,1205,32,395706,9096,2021-12-29T14:11:47Z,26163,26163,michigan,26,MI,1753890,-3.3755,2974.4,Yes
Metro Detroit,2021-04-25T00:00:00Z,Total,1203,33,396909,9129,2021-12-29T14:11:47Z,26163,26163,michigan,26,MI,1753890,-3.3755,2974.4,Yes
Metro Detroit,2021-04-26T00:00:00Z,Total,2161,37,399070,9166,2021-12-29T14:11:47Z,26163,26163,michigan,26,MI,1753890,-3.3755,2974.4,Yes
Metro Detroit,2021-04-27T00:00:00Z,Total,1876,34,400946,9200,2021-12-29T14:11:47Z,26163,26163,michigan,26,MI,1753890,-3.3755,2974.4,Yes
Metro Detroit,2021-04-28T00:00:00Z,Total,1779,45,402725,9245,2021-12-29T14:11:47Z,26163,26163,michigan,26,MI,1753890,-3.3755,2974.4,Yes
Metro Detroit,2021-04-29T00:00:00Z,Total,1272,27,403997,9272,2021-12-29T14:11:47Z,26163,26163,michigan,26,MI,1753890,-3.3755,2974.4,Yes
Metro Detroit,2021-04-30T00:00:00Z,Total,1077,33,405074,9305,2021-12-29T14:11:47Z,26163,26163,michigan,26,MI,1753890,-3.3755,2974.4,Yes
Metro Detroit,2021-05-01T00:00:00Z,Total,813,28,405887,9333,2021-12-29T14:11:47Z,26163,26163,michigan,26,MI,1753890,-3.3755,2974.4,Yes
Metro Detroit,2021-05-02T00:00:00Z,Total,678,29,406565,9362,2021-12-29T14:11:47Z,26163,26163,michigan,26,MI,1753890,-3.3755,2974.4,Yes
Metro Detroit,2021-05-03T00:00:00Z,Total,1092,34,407657,9396,2021-12-29T14:11:47Z,26163,26163,michigan,26,MI,1753890,-3.3755,2974.4,Yes
Metro Detroit,2021-05-04T00:00:00Z,Total,941,33,408598,9429,2021-12-29T14:11:47Z,26163,26163,michigan,26,MI,1753890,-3.3755,2974.4,Yes
Metro Detroit,2021-05-05T00:00:00Z,Total,857,22,409455,9451,2021-12-29T14:11:47Z,26163,26163,michigan,26,MI,1753890,-3.3755,2974.4,Yes
Metro Detroit,2021-05-06T00:00:00Z,Total,850,35,410305,9486,2021-12-29T14:11:47Z,26163,26163,michigan,26,MI,1753890,-3.3755,2974.4,Yes
Metro Detroit,2021-05-07T00:00:00Z,Total,731,34,411036,9520,2021-12-29T14:11:47Z,26163,26163,michigan,26,MI,1753890,-3.3755,2974.4,Yes
Metro Detroit,2021-05-08T00:00:00Z,Total,518,20,411554,9540,2021-12-29T14:11:47Z,26163,26163,michigan,26,MI,1753890,-3.3755,2974.4,Yes
Metro Detroit,2021-05-09T00:00:00Z,Total,468,30,412022,9570,2021-12-29T14:11:47Z,26163,26163,michigan,26,MI,1753890,-3.3755,2974.4,Yes
Metro Detroit,2021-05-10T00:00:00Z,Total,707,29,412729,9599,2021-12-29T14:11:47Z,26163,26163,michigan,26,MI,1753890,-3.3755,2974.4,Yes
Metro Detroit,2021-05-11T00:00:00Z,Total,620,17,413349,9616,2021-12-29T14:11:47Z,26163,26163,michigan,26,MI,1753890,-3.3755,2974.4,Yes
Metro Detroit,2021-05-12T00:00:00Z,Total,607,23,413956,9639,2021-12-29T14:11:47Z,26163,26163,michigan,26,MI,1753890,-3.3755,2974.4,Yes
Metro Detroit,2021-05-13T00:00:00Z,Total,558,30,414514,9669,2021-12-29T14:11:47Z,26163,26163,michigan,26,MI,1753890,-3.3755,2974.4,Yes
Metro Detroit,2021-05-14T00:00:00Z,Total,678,26,415192,9695,2021-12-29T14:11:47Z,26163,26163,michigan,26,MI,1753890,-3.3755,2974.4,Yes
Metro Detroit,2021-05-15T00:00:00Z,Total,521,27,415713,9722,2021-12-29T14:11:47Z,26163,26163,michigan,26,MI,1753890,-3.3755,2974.4,Yes
Metro Detroit,2021-05-16T00:00:00Z,Total,404,18,416117,9740,2021-12-29T14:11:47Z,26163,26163,michigan,26,MI,1753890,-3.3755,2974.4,Yes
Metro Detroit,2021-05-17T00:00:00Z,Total,818,16,416935,9756,2021-12-29T14:11:47Z,26163,26163,michigan,26,MI,1753890,-3.3755,2974.4,Yes
Metro Detroit,2021-05-18T00:00:00Z,Total,687,14,417622,9770,2021-12-29T14:11:47Z,26163,26163,michigan,26,MI,1753890,-3.3755,2974.4,Yes
Metro Detroit,2021-05-19T00:00:00Z,Total,633,22,418255,9792,2021-12-29T14:11:47Z,26163,26163,michigan,26,MI,1753890,-3.3755,2974.4,Yes
Metro Detroit,2021-05-20T00:00:00Z,Total,593,15,418848,9807,2021-12-29T14:11:47Z,26163,26163,michigan,26,MI,1753890,-3.3755,2974.4,Yes
Metro Detroit,2021-05-21T00:00:00Z,Total,531,12,419379,9819,2021-12-29T14:11:47Z,26163,26163,michigan,26,MI,1753890,-3.3755,2974.4,Yes
Metro Detroit,2021-05-22T00:00:00Z,Total,356,14,419735,9833,2021-12-29T14:11:47Z,26163,26163,michigan,26,MI,1753890,-3.3755,2974.4,Yes
Metro Detroit,2021-05-23T00:00:00Z,Total,294,16,420029,9849,2021-12-29T14:11:47Z,26163,26163,michigan,26,MI,1753890,-3.3755,2974.4,Yes
Metro Detroit,2021-05-24T00:00:00Z,Total,583,18,420612,9867,2021-12-29T14:11:47Z,26163,26163,michigan,26,MI,1753890,-3.3755,2974.4,Yes
Metro Detroit,2021-05-25T00:00:00Z,Total,442,15,421054,9882,2021-12-29T14:11:47Z,26163,26163,michigan,26,MI,1753890,-3.3755,2974.4,Yes
Metro Detroit,2021-05-26T00:00:00Z,Total,455,11,421509,9893,2021-12-29T14:11:47Z,26163,26163,michigan,26,MI,1753890,-3.3755,2974.4,Yes
Metro Detroit,2021-05-27T00:00:00Z,Total,353,5,421862,9898,2021-12-29T14:11:47Z,26163,26163,michigan,26,MI,1753890,-3.3755,2974.4,Yes
Metro Detroit,2021-05-28T00:00:00Z,Total,356,11,422218,9909,2021-12-29T14:11:47Z,26163,26163,michigan,26,MI,1753890,-3.3755,2974.4,Yes
Metro Detroit,2021-05-29T00:00:00Z,Total,235,11,422453,9920,2021-12-29T14:11:47Z,26163,26163,michigan,26,MI,1753890,-3.3755,2974.4,Yes
Metro Detroit,2021-05-30T00:00:00Z,Total,188,19,422641,9939,2021-12-29T14:11:47Z,26163,26163,michigan,26,MI,1753890,-3.3755,2974.4,Yes
Metro Detroit,2021-05-31T00:00:00Z,Total,160,12,422801,9951,2021-12-29T14:11:47Z,26163,26163,michigan,26,MI,1753890,-3.3755,2974.4,Yes
Metro Detroit,2021-06-01T00:00:00Z,Total,417,7,423218,9958,2021-12-29T14:11:47Z,26163,26163,michigan,26,MI,1753890,-3.3755,2974.4,Yes
Metro Detroit,2021-06-02T00:00:00Z,Total,372,16,423590,9974,2021-12-29T14:11:47Z,26163,26163,michigan,26,MI,1753890,-3.3755,2974.4,Yes
Metro Detroit,2021-06-03T00:00:00Z,Total,299,6,423889,9980,2021-12-29T14:11:47Z,26163,26163,michigan,26,MI,1753890,-3.3755,2974.4,Yes
Metro Detroit,2021-06-04T00:00:00Z,Total,284,17,424173,9997,2021-12-29T14:11:47Z,26163,26163,michigan,26,MI,1753890,-3.3755,2974.4,Yes
Metro Detroit,2021-06-05T00:00:00Z,Total,196,7,424369,10004,2021-12-29T14:11:47Z,26163,26163,michigan,26,MI,1753890,-3.3755,2974.4,Yes
Metro Detroit,2021-06-06T00:00:00Z,Total,144,11,424513,10015,2021-12-29T14:11:47Z,26163,26163,michigan,26,MI,1753890,-3.3755,2974.4,Yes
Metro Detroit,2021-06-07T00:00:00Z,Total,350,11,424863,10026,2021-12-29T14:11:47Z,26163,26163,michigan,26,MI,1753890,-3.3755,2974.4,Yes
Metro Detroit,2021-06-08T00:00:00Z,Total,315,5,425178,10031,2021-12-29T14:11:47Z,26163,26163,michigan,26,MI,1753890,-3.3755,2974.4,Yes
Metro Detroit,2021-06-09T00:00:00Z,Total,272,10,425450,10041,2021-12-29T14:11:47Z,26163,26163,michigan,26,MI,1753890,-3.3755,2974.4,Yes
Metro Detroit,2021-06-10T00:00:00Z,Total,241,5,425691,10046,2021-12-29T14:11:47Z,26163,26163,michigan,26,MI,1753890,-3.3755,2974.4,Yes
Metro Detroit,2021-06-11T00:00:00Z,Total,215,4,425906,10050,2021-12-29T14:11:47Z,26163,26163,michigan,26,MI,1753890,-3.3755,2974.4,Yes
Metro Detroit,2021-06-12T00:00:00Z,Total,182,10,426088,10060,2021-12-29T14:11:47Z,26163,26163,michigan,26,MI,1753890,-3.3755,2974.4,Yes
Metro Detroit,2021-06-13T00:00:00Z,Total,144,3,426232,10063,2021-12-29T14:11:47Z,26163,26163,michigan,26,MI,1753890,-3.3755,2974.4,Yes
Metro Detroit,2021-06-14T00:00:00Z,Total,279,9,426511,10072,2021-12-29T14:11:47Z,26163,26163,michigan,26,MI,1753890,-3.3755,2974.4,Yes
Metro Detroit,2021-06-15T00:00:00Z,Total,267,4,426778,10076,2021-12-29T14:11:47Z,26163,26163,michigan,26,MI,1753890,-3.3755,2974.4,Yes
Metro Detroit,2021-06-16T00:00:00Z,Total,234,3,427012,10079,2021-12-29T14:11:47Z,26163,26163,michigan,26,MI,1753890,-3.3755,2974.4,Yes
Metro Detroit,2021-06-17T00:00:00Z,Total,223,4,427235,10083,2021-12-29T14:11:47Z,26163,26163,michigan,26,MI,1753890,-3.3755,2974.4,Yes
Metro Detroit,2021-06-18T00:00:00Z,Total,201,8,427436,10091,2021-12-29T14:11:47Z,26163,26163,michigan,26,MI,1753890,-3.3755,2974.4,Yes
Metro Detroit,2021-06-19T00:00:00Z,Total,136,3,427572,10094,2021-12-29T14:11:47Z,26163,26163,michigan,26,MI,1753890,-3.3755,2974.4,Yes
Metro Detroit,2021-06-20T00:00:00Z,Total,131,5,427703,10099,2021-12-29T14:11:47Z,26163,26163,michigan,26,MI,1753890,-3.3755,2974.4,Yes
Metro Detroit,2021-06-21T00:00:00Z,Total,240,3,427943,10102,2021-12-29T14:11:47Z,26163,26163,michigan,26,MI,1753890,-3.3755,2974.4,Yes
Metro Detroit,2021-06-22T00:00:00Z,Total,235,2,428178,10104,2021-12-29T14:11:47Z,26163,26163,michigan,26,MI,1753890,-3.3755,2974.4,Yes
Metro Detroit,2021-06-23T00:00:00Z,Total,232,3,428410,10107,2021-12-29T14:11:47Z,26163,26163,michigan,26,MI,1753890,-3.3755,2974.4,Yes
Metro Detroit,2021-06-24T00:00:00Z,Total,180,3,428590,10110,2021-12-29T14:11:47Z,26163,26163,michigan,26,MI,1753890,-3.3755,2974.4,Yes
Metro Detroit,2021-06-25T00:00:00Z,Total,199,0,428789,10110,2021-12-29T14:11:47Z,26163,26163,michigan,26,MI,1753890,-3.3755,2974.4,Yes
Metro Detroit,2021-06-26T00:00:00Z,Total,115,4,428904,10114,2021-12-29T14:11:47Z,26163,26163,michigan,26,MI,1753890,-3.3755,2974.4,Yes
Metro Detroit,2021-06-27T00:00:00Z,Total,121,2,429025,10116,2021-12-29T14:11:47Z,26163,26163,michigan,26,MI,1753890,-3.3755,2974.4,Yes
Metro Detroit,2021-06-28T00:00:00Z,Total,225,1,429250,10117,2021-12-29T14:11:47Z,26163,26163,michigan,26,MI,1753890,-3.3755,2974.4,Yes
Metro Detroit,2021-06-29T00:00:00Z,Total,228,1,429478,10118,2021-12-29T14:11:47Z,26163,26163,michigan,26,MI,1753890,-3.3755,2974.4,Yes
Metro Detroit,2021-06-30T00:00:00Z,Total,210,1,429688,10119,2021-12-29T14:11:47Z,26163,26163,michigan,26,MI,1753890,-3.3755,2974.4,Yes
Metro Detroit,2021-07-01T00:00:00Z,Total,196,6,429884,10125,2021-12-29T14:11:47Z,26163,26163,michigan,26,MI,1753890,-3.3755,2974.4,Yes
Metro Detroit,2021-07-02T00:00:00Z,Total,213,6,430097,10131,2021-12-29T14:11:47Z,26163,26163,michigan,26,MI,1753890,-3.3755,2974.4,Yes
Metro Detroit,2021-07-03T00:00:00Z,Total,151,1,430248,10132,2021-12-29T14:11:47Z,26163,26163,michigan,26,MI,1753890,-3.3755,2974.4,Yes
Metro Detroit,2021-07-04T00:00:00Z,Total,100,3,430348,10135,2021-12-29T14:11:47Z,26163,26163,michigan,26,MI,1753890,-3.3755,2974.4,Yes
Metro Detroit,2021-07-05T00:00:00Z,Total,185,2,430533,10137,2021-12-29T14:11:47Z,26163,26163,michigan,26,MI,1753890,-3.3755,2974.4,Yes
Metro Detroit,2021-07-06T00:00:00Z,Total,249,0,430782,10137,2021-12-29T14:11:47Z,26163,26163,michigan,26,MI,1753890,-3.3755,2974.4,Yes
Metro Detroit,2021-07-07T00:00:00Z,Total,251,1,431033,10138,2021-12-29T14:11:47Z,26163,26163,michigan,26,MI,1753890,-3.3755,2974.4,Yes
Metro Detroit,2021-07-08T00:00:00Z,Total,241,2,431274,10140,2021-12-29T14:11:47Z,26163,26163,michigan,26,MI,1753890,-3.3755,2974.4,Yes
Metro Detroit,2021-07-09T00:00:00Z,Total,203,5,431477,10145,2021-12-29T14:11:47Z,26163,26163,michigan,26,MI,1753890,-3.3755,2974.4,Yes
Metro Detroit,2021-07-10T00:00:00Z,Total,138,2,431615,10147,2021-12-29T14:11:47Z,26163,26163,michigan,26,MI,1753890,-3.3755,2974.4,Yes
Metro Detroit,2021-07-11T00:00:00Z,Total,151,5,431766,10152,2021-12-29T14:11:47Z,26163,26163,michigan,26,MI,1753890,-3.3755,2974.4,Yes
Metro Detroit,2021-07-12T00:00:00Z,Total,291,1,432057,10153,2021-12-29T14:11:47Z,26163,26163,michigan,26,MI,1753890,-3.3755,2974.4,Yes
Metro Detroit,2021-07-13T00:00:00Z,Total,293,0,432350,10153,2021-12-29T14:11:47Z,26163,26163,michigan,26,MI,1753890,-3.3755,2974.4,Yes
Metro Detroit,2021-07-14T00:00:00Z,Total,273,0,432623,10153,2021-12-29T14:11:47Z,26163,26163,michigan,26,MI,1753890,-3.3755,2974.4,Yes
Metro Detroit,2021-07-15T00:00:00Z,Total,287,4,432910,10157,2021-12-29T14:11:47Z,26163,26163,michigan,26,MI,1753890,-3.3755,2974.4,Yes
Metro Detroit,2021-07-16T00:00:00Z,Total,259,0,433169,10157,2021-12-29T14:11:47Z,26163,26163,michigan,26,MI,1753890,-3.3755,2974.4,Yes
Metro Detroit,2021-07-17T00:00:00Z,Total,210,0,433379,10157,2021-12-29T14:11:47Z,26163,26163,michigan,26,MI,1753890,-3.3755,2974.4,Yes
Metro Detroit,2021-07-18T00:00:00Z,Total,172,0,433551,10157,2021-12-29T14:11:47Z,26163,26163,michigan,26,MI,1753890,-3.3755,2974.4,Yes
Metro Detroit,2021-07-19T00:00:00Z,Total,324,2,433875,10159,2021-12-29T14:11:47Z,26163,26163,michigan,26,MI,1753890,-3.3755,2974.4,Yes
Metro Detroit,2021-07-20T00:00:00Z,Total,348,1,434223,10160,2021-12-29T14:11:47Z,26163,26163,michigan,26,MI,1753890,-3.3755,2974.4,Yes
Metro Detroit,2021-07-21T00:00:00Z,Total,357,2,434580,10162,2021-12-29T14:11:47Z,26163,26163,michigan,26,MI,1753890,-3.3755,2974.4,Yes
Metro Detroit,2021-07-22T00:00:00Z,Total,380,1,434960,10163,2021-12-29T14:11:47Z,26163,26163,michigan,26,MI,1753890,-3.3755,2974.4,Yes
Metro Detroit,2021-07-23T00:00:00Z,Total,348,1,435308,10164,2021-12-29T14:11:47Z,26163,26163,michigan,26,MI,1753890,-3.3755,2974.4,Yes
Metro Detroit,2021-07-24T00:00:00Z,Total,280,3,435588,10167,2021-12-29T14:11:47Z,26163,26163,michigan,26,MI,1753890,-3.3755,2974.4,Yes
Metro Detroit,2021-07-25T00:00:00Z,Total,285,1,435873,10168,2021-12-29T14:11:47Z,26163,26163,michigan,26,MI,1753890,-3.3755,2974.4,Yes
Metro Detroit,2021-07-26T00:00:00Z,Total,457,3,436330,10171,2021-12-29T14:11:47Z,26163,26163,michigan,26,MI,1753890,-3.3755,2974.4,Yes
Metro Detroit,2021-07-27T00:00:00Z,Total,482,4,436812,10175,2021-12-29T14:11:47Z,26163,26163,michigan,26,MI,1753890,-3.3755,2974.4,Yes
Metro Detroit,2021-07-28T00:00:00Z,Total,545,3,437357,10178,2021-12-29T14:11:47Z,26163,26163,michigan,26,MI,1753890,-3.3755,2974.4,Yes
Metro Detroit,2021-07-29T00:00:00Z,Total,557,2,437914,10180,2021-12-29T14:11:47Z,26163,26163,michigan,26,MI,1753890,-3.3755,2974.4,Yes
Metro Detroit,2021-07-30T00:00:00Z,Total,548,2,438462,10182,2021-12-29T14:11:47Z,26163,26163,michigan,26,MI,1753890,-3.3755,2974.4,Yes
Metro Detroit,2021-07-31T00:00:00Z,Total,376,1,438838,10183,2021-12-29T14:11:47Z,26163,26163,michigan,26,MI,1753890,-3.3755,2974.4,Yes
Metro Detroit,2021-08-01T00:00:00Z,Total,415,1,439253,10184,2021-12-29T14:11:47Z,26163,26163,michigan,26,MI,1753890,-3.3755,2974.4,Yes
Metro Detroit,2021-08-02T00:00:00Z,Total,664,6,439917,10190,2021-12-29T14:11:47Z,26163,26163,michigan,26,MI,1753890,-3.3755,2974.4,Yes
Metro Detroit,2021-08-03T00:00:00Z,Total,707,4,440624,10194,2021-12-29T14:11:47Z,26163,26163,michigan,26,MI,1753890,-3.3755,2974.4,Yes
Metro Detroit,2021-08-04T00:00:00Z,Total,624,2,441248,10196,2021-12-29T14:11:47Z,26163,26163,michigan,26,MI,1753890,-3.3755,2974.4,Yes
Metro Detroit,2021-08-05T00:00:00Z,Total,631,4,441879,10200,2021-12-29T14:11:47Z,26163,26163,michigan,26,MI,1753890,-3.3755,2974.4,Yes
Metro Detroit,2021-08-06T00:00:00Z,Total,634,0,442513,10200,2021-12-29T14:11:47Z,26163,26163,michigan,26,MI,1753890,-3.3755,2974.4,Yes
Metro Detroit,2021-08-07T00:00:00Z,Total,489,4,443002,10204,2021-12-29T14:11:47Z,26163,26163,michigan,26,MI,1753890,-3.3755,2974.4,Yes
Metro Detroit,2021-08-08T00:00:00Z,Total,485,1,443487,10205,2021-12-29T14:11:47Z,26163,26163,michigan,26,MI,1753890,-3.3755,2974.4,Yes
Metro Detroit,2021-08-09T00:00:00Z,Total,777,4,444264,10209,2021-12-29T14:11:47Z,26163,26163,michigan,26,MI,1753890,-3.3755,2974.4,Yes
Metro Detroit,2021-08-10T00:00:00Z,Total,747,6,445011,10215,2021-12-29T14:11:47Z,26163,26163,michigan,26,MI,1753890,-3.3755,2974.4,Yes
Metro Detroit,2021-08-11T00:00:00Z,Total,760,6,445771,10221,2021-12-29T14:11:47Z,26163,26163,michigan,26,MI,1753890,-3.3755,2974.4,Yes
Metro Detroit,2021-08-12T00:00:00Z,Total,731,4,446502,10225,2021-12-29T14:11:47Z,26163,26163,michigan,26,MI,1753890,-3.3755,2974.4,Yes
Metro Detroit,2021-08-13T00:00:00Z,Total,641,6,447143,10231,2021-12-29T14:11:47Z,26163,26163,michigan,26,MI,1753890,-3.3755,2974.4,Yes
Metro Detroit,2021-08-14T00:00:00Z,Total,580,8,447723,10239,2021-12-29T14:11:47Z,26163,26163,michigan,26,MI,1753890,-3.3755,2974.4,Yes
Metro Detroit,2021-08-15T00:00:00Z,Total,483,5,448206,10244,2021-12-29T14:11:47Z,26163,26163,michigan,26,MI,1753890,-3.3755,2974.4,Yes
Metro Detroit,2021-08-16T00:00:00Z,Total,825,10,449031,10254,2021-12-29T14:11:47Z,26163,26163,michigan,26,MI,1753890,-3.3755,2974.4,Yes
Metro Detroit,2021-08-17T00:00:00Z,Total,817,4,449848,10258,2021-12-29T14:11:47Z,26163,26163,michigan,26,MI,1753890,-3.3755,2974.4,Yes
Metro Detroit,2021-08-18T00:00:00Z,Total,836,6,450684,10264,2021-12-29T14:11:47Z,26163,26163,michigan,26,MI,1753890,-3.3755,2974.4,Yes
Metro Detroit,2021-08-19T00:00:00Z,Total,797,9,451481,10273,2021-12-29T14:11:47Z,26163,26163,michigan,26,MI,1753890,-3.3755,2974.4,Yes
Metro Detroit,2021-08-20T00:00:00Z,Total,717,3,452198,10276,2021-12-29T14:11:47Z,26163,26163,michigan,26,MI,1753890,-3.3755,2974.4,Yes
Metro Detroit,2021-08-21T00:00:00Z,Total,547,5,452745,10281,2021-12-29T14:11:47Z,26163,26163,michigan,26,MI,1753890,-3.3755,2974.4,Yes
Metro Detroit,2021-08-22T00:00:00Z,Total,558,5,453303,10286,2021-12-29T14:11:47Z,26163,26163,michigan,26,MI,1753890,-3.3755,2974.4,Yes
Metro Detroit,2021-08-23T00:00:00Z,Total,1032,5,454335,10291,2021-12-29T14:11:47Z,26163,26163,michigan,26,MI,1753890,-3.3755,2974.4,Yes
Metro Detroit,2021-08-24T00:00:00Z,Total,841,12,455176,10303,2021-12-29T14:11:47Z,26163,26163,michigan,26,MI,1753890,-3.3755,2974.4,Yes
Metro Detroit,2021-08-25T00:00:00Z,Total,832,9,456008,10312,2021-12-29T14:11:47Z,26163,26163,michigan,26,MI,1753890,-3.3755,2974.4,Yes
Metro Detroit,2021-08-26T00:00:00Z,Total,774,8,456782,10320,2021-12-29T14:11:47Z,26163,26163,michigan,26,MI,1753890,-3.3755,2974.4,Yes
Metro Detroit,2021-08-27T00:00:00Z,Total,797,7,457579,10327,2021-12-29T14:11:47Z,26163,26163,michigan,26,MI,1753890,-3.3755,2974.4,Yes
Metro Detroit,2021-08-28T00:00:00Z,Total,610,5,458189,10332,2021-12-29T14:11:47Z,26163,26163,michigan,26,MI,1753890,-3.3755,2974.4,Yes
Metro Detroit,2021-08-29T00:00:00Z,Total,570,9,458759,10341,2021-12-29T14:11:47Z,26163,26163,michigan,26,MI,1753890,-3.3755,2974.4,Yes
Metro Detroit,2021-08-30T00:00:00Z,Total,919,12,459678,10353,2021-12-29T14:11:47Z,26163,26163,michigan,26,MI,1753890,-3.3755,2974.4,Yes
Metro Detroit,2021-08-31T00:00:00Z,Total,827,7,460505,10360,2021-12-29T14:11:47Z,26163,26163,michigan,26,MI,1753890,-3.3755,2974.4,Yes
Metro Detroit,2021-09-01T00:00:00Z,Total,752,7,461257,10367,2021-12-29T14:11:47Z,26163,26163,michigan,26,MI,1753890,-3.3755,2974.4,Yes
Metro Detroit,2021-09-02T00:00:00Z,Total,607,11,461864,10378,2021-12-29T14:11:47Z,26163,26163,michigan,26,MI,1753890,-3.3755,2974.4,Yes
Metro Detroit,2021-09-03T00:00:00Z,Total,554,13,462418,10391,2021-12-29T14:11:47Z,26163,26163,michigan,26,MI,1753890,-3.3755,2974.4,Yes
Metro Detroit,2021-09-04T00:00:00Z,Total,480,5,462898,10396,2021-12-29T14:11:47Z,26163,26163,michigan,26,MI,1753890,-3.3755,2974.4,Yes
Metro Detroit,2021-09-05T00:00:00Z,Total,388,12,463286,10408,2021-12-29T14:11:47Z,26163,26163,michigan,26,MI,1753890,-3.3755,2974.4,Yes
Metro Detroit,2021-09-06T00:00:00Z,Total,458,3,463744,10411,2021-12-29T14:11:47Z,26163,26163,michigan,26,MI,1753890,-3.3755,2974.4,Yes
Metro Detroit,2021-09-07T00:00:00Z,Total,862,11,464606,10422,2021-12-29T14:11:47Z,26163,26163,michigan,26,MI,1753890,-3.3755,2974.4,Yes
Metro Detroit,2021-09-08T00:00:00Z,Total,725,7,465331,10429,2021-12-29T14:11:47Z,26163,26163,michigan,26,MI,1753890,-3.3755,2974.4,Yes
Metro Detroit,2021-09-09T00:00:00Z,Total,689,7,466020,10436,2021-12-29T14:11:47Z,26163,26163,michigan,26,MI,1753890,-3.3755,2974.4,Yes
Metro Detroit,2021-09-10T00:00:00Z,Total,714,6,466734,10442,2021-12-29T14:11:47Z,26163,26163,michigan,26,MI,1753890,-3.3755,2974.4,Yes
Metro Detroit,2021-09-11T00:00:00Z,Total,529,10,467263,10452,2021-12-29T14:11:47Z,26163,26163,michigan,26,MI,1753890,-3.3755,2974.4,Yes
Metro Detroit,2021-09-12T00:00:00Z,Total,498,8,467761,10460,2021-12-29T14:11:47Z,26163,26163,michigan,26,MI,1753890,-3.3755,2974.4,Yes
Metro Detroit,2021-09-13T00:00:00Z,Total,900,15,468661,10475,2021-12-29T14:11:47Z,26163,26163,michigan,26,MI,1753890,-3.3755,2974.4,Yes
Metro Detroit,2021-09-14T00:00:00Z,Total,777,14,469438,10489,2021-12-29T14:11:47Z,26163,26163,michigan,26,MI,1753890,-3.3755,2974.4,Yes
Metro Detroit,2021-09-15T00:00:00Z,Total,809,14,470247,10503,2021-12-29T14:11:47Z,26163,26163,michigan,26,MI,1753890,-3.3755,2974.4,Yes
Metro Detroit,2021-09-16T00:00:00Z,Total,701,9,470948,10512,2021-12-29T14:11:47Z,26163,26163,michigan,26,MI,1753890,-3.3755,2974.4,Yes
Metro Detroit,2021-09-17T00:00:00Z,Total,778,12,471726,10524,2021-12-29T14:11:47Z,26163,26163,michigan,26,MI,1753890,-3.3755,2974.4,Yes
Metro Detroit,2021-09-18T00:00:00Z,Total,554,9,472280,10533,2021-12-29T14:11:47Z,26163,26163,michigan,26,MI,1753890,-3.3755,2974.4,Yes
Metro Detroit,2021-09-19T00:00:00Z,Total,541,11,472821,10544,2021-12-29T14:11:47Z,26163,26163,michigan,26,MI,1753890,-3.3755,2974.4,Yes
Metro Detroit,2021-09-20T00:00:00Z,Total,943,8,473764,10552,2021-12-29T14:11:47Z,26163,26163,michigan,26,MI,1753890,-3.3755,2974.4,Yes
Metro Detroit,2021-09-21T00:00:00Z,Total,889,18,474653,10570,2021-12-29T14:11:47Z,26163,26163,michigan,26,MI,1753890,-3.3755,2974.4,Yes
Metro Detroit,2021-09-22T00:00:00Z,Total,803,10,475456,10580,2021-12-29T14:11:47Z,26163,26163,michigan,26,MI,1753890,-3.3755,2974.4,Yes
Metro Detroit,2021-09-23T00:00:00Z,Total,841,16,476297,10596,2021-12-29T14:11:47Z,26163,26163,michigan,26,MI,1753890,-3.3755,2974.4,Yes
Metro Detroit,2021-09-24T00:00:00Z,Total,756,7,477053,10603,2021-12-29T14:11:47Z,26163,26163,michigan,26,MI,1753890,-3.3755,2974.4,Yes
Metro Detroit,2021-09-25T00:00:00Z,Total,599,7,477652,10610,2021-12-29T14:11:47Z,26163,26163,michigan,26,MI,1753890,-3.3755,2974.4,Yes
Metro Detroit,2021-09-26T00:00:00Z,Total,578,10,478230,10620,2021-12-29T14:11:47Z,26163,26163,michigan,26,MI,1753890,-3.3755,2974.4,Yes
Metro Detroit,2021-09-27T00:00:00Z,Total,1098,13,479328,10633,2021-12-29T14:11:47Z,26163,26163,michigan,26,MI,1753890,-3.3755,2974.4,Yes
Metro Detroit,2021-09-28T00:00:00Z,Total,1051,11,480379,10644,2021-12-29T14:11:47Z,26163,26163,michigan,26,MI,1753890,-3.3755,2974.4,Yes
Metro Detroit,2021-09-29T00:00:00Z,Total,934,18,481313,10662,2021-12-29T14:11:47Z,26163,26163,michigan,26,MI,1753890,-3.3755,2974.4,Yes
Metro Detroit,2021-09-30T00:00:00Z,Total,920,12,482233,10674,2021-12-29T14:11:47Z,26163,26163,michigan,26,MI,1753890,-3.3755,2974.4,Yes
Metro Detroit,2021-10-01T00:00:00Z,Total,990,14,483223,10688,2021-12-29T14:11:47Z,26163,26163,michigan,26,MI,1753890,-3.3755,2974.4,Yes
Metro Detroit,2021-10-02T00:00:00Z,Total,724,10,483947,10698,2021-12-29T14:11:47Z,26163,26163,michigan,26,MI,1753890,-3.3755,2974.4,Yes
Metro Detroit,2021-10-03T00:00:00Z,Total,708,7,484655,10705,2021-12-29T14:11:47Z,26163,26163,michigan,26,MI,1753890,-3.3755,2974.4,Yes
Metro Detroit,2021-10-04T00:00:00Z,Total,1206,11,485861,10716,2021-12-29T14:11:47Z,26163,26163,michigan,26,MI,1753890,-3.3755,2974.4,Yes
Metro Detroit,2021-10-05T00:00:00Z,Total,1063,17,486924,10733,2021-12-29T14:11:47Z,26163,26163,michigan,26,MI,1753890,-3.3755,2974.4,Yes
Metro Detroit,2021-10-06T00:00:00Z,Total,1137,9,488061,10742,2021-12-29T14:11:47Z,26163,26163,michigan,26,MI,1753890,-3.3755,2974.4,Yes
Metro Detroit,2021-10-07T00:00:00Z,Total,944,16,489005,10758,2021-12-29T14:11:47Z,26163,26163,michigan,26,MI,1753890,-3.3755,2974.4,Yes
Metro Detroit,2021-10-08T00:00:00Z,Total,875,11,489880,10769,2021-12-29T14:11:47Z,26163,26163,michigan,26,MI,1753890,-3.3755,2974.4,Yes
Metro Detroit,2021-10-09T00:00:00Z,Total,717,11,490597,10780,2021-12-29T14:11:47Z,26163,26163,michigan,26,MI,1753890,-3.3755,2974.4,Yes
Metro Detroit,2021-10-10T00:00:00Z,Total,735,12,491332,10792,2021-12-29T14:11:47Z,26163,26163,michigan,26,MI,1753890,-3.3755,2974.4,Yes
Metro Detroit,2021-10-11T00:00:00Z,Total,1224,14,492556,10806,2021-12-29T14:11:47Z,26163,26163,michigan,26,MI,1753890,-3.3755,2974.4,Yes
Metro Detroit,2021-10-12T00:00:00Z,Total,1085,13,493641,10819,2021-12-29T14:11:47Z,26163,26163,michigan,26,MI,1753890,-3.3755,2974.4,Yes
Metro Detroit,2021-10-13T00:00:00Z,Total,1119,14,494760,10833,2021-12-29T14:11:47Z,26163,26163,michigan,26,MI,1753890,-3.3755,2974.4,Yes
Metro Detroit,2021-10-14T00:00:00Z,Total,1010,14,495770,10847,2021-12-29T14:11:47Z,26163,26163,michigan,26,MI,1753890,-3.3755,2974.4,Yes
Metro Detroit,2021-10-15T00:00:00Z,Total,1276,20,497046,10867,2021-12-29T14:11:47Z,26163,26163,michigan,26,MI,1753890,-3.3755,2974.4,Yes
Metro Detroit,2021-10-16T00:00:00Z,Total,726,17,497772,10884,2021-12-29T14:11:47Z,26163,26163,michigan,26,MI,1753890,-3.3755,2974.4,Yes
Metro Detroit,2021-10-17T00:00:00Z,Total,737,11,498509,10895,2021-12-29T14:11:47Z,26163,26163,michigan,26,MI,1753890,-3.3755,2974.4,Yes
Metro Detroit,2021-10-18T00:00:00Z,Total,1640,9,500149,10904,2021-12-29T14:11:47Z,26163,26163,michigan,26,MI,1753890,-3.3755,2974.4,Yes
Metro Detroit,2021-10-19T00:00:00Z,Total,1456,17,501605,10921,2021-12-29T14:11:47Z,26163,26163,michigan,26,MI,1753890,-3.3755,2974.4,Yes
Metro Detroit,2021-10-20T00:00:00Z,Total,1298,20,502903,10941,2021-12-29T14:11:47Z,26163,26163,michigan,26,MI,1753890,-3.3755,2974.4,Yes
Metro Detroit,2021-10-21T00:00:00Z,Total,1006,20,503909,10961,2021-12-29T14:11:47Z,26163,26163,michigan,26,MI,1753890,-3.3755,2974.4,Yes
Metro Detroit,2021-10-22T00:00:00Z,Total,857,9,504766,10970,2021-12-29T14:11:47Z,26163,26163,michigan,26,MI,1753890,-3.3755,2974.4,Yes
Metro Detroit,2021-10-23T00:00:00Z,Total,656,12,505422,10982,2021-12-29T14:11:47Z,26163,26163,michigan,26,MI,1753890,-3.3755,2974.4,Yes
Metro Detroit,2021-10-24T00:00:00Z,Total,610,18,506032,11000,2021-12-29T14:11:47Z,26163,26163,michigan,26,MI,1753890,-3.3755,2974.4,Yes
Metro Detroit,2021-10-25T00:00:00Z,Total,1135,10,507167,11010,2021-12-29T14:11:47Z,26163,26163,michigan,26,MI,1753890,-3.3755,2974.4,Yes
Metro Detroit,2021-10-26T00:00:00Z,Total,1179,14,508346,11024,2021-12-29T14:11:47Z,26163,26163,michigan,26,MI,1753890,-3.3755,2974.4,Yes
Metro Detroit,2021-10-27T00:00:00Z,Total,1176,25,509522,11049,2021-12-29T14:11:47Z,26163,26163,michigan,26,MI,1753890,-3.3755,2974.4,Yes
Metro Detroit,2021-10-28T00:00:00Z,Total,1113,21,510635,11070,2021-12-29T14:11:47Z,26163,26163,michigan,26,MI,1753890,-3.3755,2974.4,Yes
Metro Detroit,2021-10-29T00:00:00Z,Total,1089,14,511724,11084,2021-12-29T14:11:47Z,26163,26163,michigan,26,MI,1753890,-3.3755,2974.4,Yes
Metro Detroit,2021-10-30T00:00:00Z,Total,830,10,512554,11094,2021-12-29T14:11:47Z,26163,26163,michigan,26,MI,1753890,-3.3755,2974.4,Yes
Metro Detroit,2021-10-31T00:00:00Z,Total,819,16,513373,11110,2021-12-29T14:11:47Z,26163,26163,michigan,26,MI,1753890,-3.3755,2974.4,Yes
Metro Detroit,2021-11-01T00:00:00Z,Total,1601,17,514974,11127,2021-12-29T14:11:47Z,26163,26163,michigan,26,MI,1753890,-3.3755,2974.4,Yes
Metro Detroit,2021-11-02T00:00:00Z,Total,1433,21,516407,11148,2021-12-29T14:11:47Z,26163,26163,michigan,26,MI,1753890,-3.3755,2974.4,Yes
Metro Detroit,2021-11-03T00:00:00Z,Total,1563,11,517970,11159,2021-12-29T14:11:47Z,26163,26163,michigan,26,MI,1753890,-3.3755,2974.4,Yes
Metro Detroit,2021-11-04T00:00:00Z,Total,1428,27,519398,11186,2021-12-29T14:11:47Z,26163,26163,michigan,26,MI,1753890,-3.3755,2974.4,Yes
Metro Detroit,2021-11-05T00:00:00Z,Total,1491,16,520889,11202,2021-12-29T14:11:47Z,26163,26163,michigan,26,MI,1753890,-3.3755,2974.4,Yes
Metro Detroit,2021-11-06T00:00:00Z,Total,1133,10,522022,11212,2021-12-29T14:11:47Z,26163,26163,michigan,26,MI,1753890,-3.3755,2974.4,Yes
Metro Detroit,2021-11-07T00:00:00Z,Total,1035,24,523057,11236,2021-12-29T14:11:47Z,26163,26163,michigan,26,MI,1753890,-3.3755,2974.4,Yes
Metro Detroit,2021-11-08T00:00:00Z,Total,1892,21,524949,11257,2021-12-29T14:11:47Z,26163,26163,michigan,26,MI,1753890,-3.3755,2974.4,Yes
Metro Detroit,2021-11-09T00:00:00Z,Total,1901,26,526850,11283,2021-12-29T14:11:47Z,26163,26163,michigan,26,MI,1753890,-3.3755,2974.4,Yes
Metro Detroit,2021-11-10T00:00:00Z,Total,1850,21,528700,11304,2021-12-29T14:11:47Z,26163,26163,michigan,26,MI,1753890,-3.3755,2974.4,Yes
Metro Detroit,2021-11-11T00:00:00Z,Total,1693,28,530393,11332,2021-12-29T14:11:47Z,26163,26163,michigan,26,MI,1753890,-3.3755,2974.4,Yes
Metro Detroit,2021-11-12T00:00:00Z,Total,2031,17,532424,11349,2021-12-29T14:11:47Z,26163,26163,michigan,26,MI,1753890,-3.3755,2974.4,Yes
Metro Detroit,2021-11-13T00:00:00Z,Total,1297,29,533721,11378,2021-12-29T14:11:47Z,26163,26163,michigan,26,MI,1753890,-3.3755,2974.4,Yes
Metro Detroit,2021-11-14T00:00:00Z,Total,1225,23,534946,11401,2021-12-29T14:11:47Z,26163,26163,michigan,26,MI,1753890,-3.3755,2974.4,Yes
Metro Detroit,2021-11-15T00:00:00Z,Total,2420,26,537366,11427,2021-12-29T14:11:47Z,26163,26163,michigan,26,MI,1753890,-3.3755,2974.4,Yes
Metro Detroit,2021-11-16T00:00:00Z,Total,2106,24,539472,11451,2021-12-29T14:11:47Z,26163,26163,michigan,26,MI,1753890,-3.3755,2974.4,Yes
Metro Detroit,2021-11-17T00:00:00Z,Total,2276,26,541748,11477,2021-12-29T14:11:47Z,26163,26163,michigan,26,MI,1753890,-3.3755,2974.4,Yes
Metro Detroit,2021-11-18T00:00:00Z,Total,2206,20,543954,11497,2021-12-29T14:11:47Z,26163,26163,michigan,26,MI,1753890,-3.3755,2974.4,Yes
Metro Detroit,2021-11-19T00:00:00Z,Total,1983,23,545937,11520,2021-12-29T14:11:47Z,26163,26163,michigan,26,MI,1753890,-3.3755,2974.4,Yes
Metro Detroit,2021-11-20T00:00:00Z,Total,1524,21,547461,11541,2021-12-29T14:11:47Z,26163,26163,michigan,26,MI,1753890,-3.3755,2974.4,Yes
Metro Detroit,2021-11-21T00:00:00Z,Total,1297,36,548758,11577,2021-12-29T14:11:47Z,26163,26163,michigan,26,MI,1753890,-3.3755,2974.4,Yes
Metro Detroit,2021-11-22T00:00:00Z,Total,2590,27,551348,11604,2021-12-29T14:11:47Z,26163,26163,michigan,26,MI,1753890,-3.3755,2974.4,Yes
Metro Detroit,2021-11-23T00:00:00Z,Total,2340,35,553688,11639,2021-12-29T14:11:47Z,26163,26163,michigan,26,MI,1753890,-3.3755,2974.4,Yes
Metro Detroit,2021-11-24T00:00:00Z,Total,2270,34,555958,11673,2021-12-29T14:11:47Z,26163,26163,michigan,26,MI,1753890,-3.3755,2974.4,Yes
Metro Detroit,2021-11-25T00:00:00Z,Total,765,31,556723,11704,2021-12-29T14:11:47Z,26163,26163,michigan,26,MI,1753890,-3.3755,2974.4,Yes
Metro Detroit,2021-11-26T00:00:00Z,Total,1884,34,558607,11738,2021-12-29T14:11:47Z,26163,26163,michigan,26,MI,1753890,-3.3755,2974.4,Yes
Metro Detroit,2021-11-27T00:00:00Z,Total,1606,35,560213,11773,2021-12-29T14:11:47Z,26163,26163,michigan,26,MI,1753890,-3.3755,2974.4,Yes
Metro Detroit,2021-11-28T00:00:00Z,Total,1665,30,561878,11803,2021-12-29T14:11:47Z,26163,26163,michigan,26,MI,1753890,-3.3755,2974.4,Yes
Metro Detroit,2021-11-29T00:00:00Z,Total,3137,49,565015,11852,2021-12-29T14:11:47Z,26163,26163,michigan,26,MI,1753890,-3.3755,2974.4,Yes
Metro Detroit,2021-11-30T00:00:00Z,Total,2907,44,567922,11896,2021-12-29T14:11:47Z,26163,26163,michigan,26,MI,1753890,-3.3755,2974.4,Yes
Metro Detroit,2021-12-01T00:00:00Z,Total,2772,38,570694,11934,2021-12-29T14:11:47Z,26163,26163,michigan,26,MI,1753890,-3.3755,2974.4,Yes
Metro Detroit,2021-12-02T00:00:00Z,Total,2409,46,573103,11980,2021-12-29T14:11:47Z,26163,26163,michigan,26,MI,1753890,-3.3755,2974.4,Yes
Metro Detroit,2021-12-03T00:00:00Z,Total,2244,45,575347,12025,2021-12-29T14:11:47Z,26163,26163,michigan,26,MI,1753890,-3.3755,2974.4,Yes
Metro Detroit,2021-12-04T00:00:00Z,Total,1524,38,576871,12063,2021-12-29T14:11:47Z,26163,26163,michigan,26,MI,1753890,-3.3755,2974.4,Yes
Metro Detroit,2021-12-05T00:00:00Z,Total,1475,43,578346,12106,2021-12-29T14:11:47Z,26163,26163,michigan,26,MI,1753890,-3.3755,2974.4,Yes
Metro Detroit,2021-12-06T00:00:00Z,Total,2598,51,580944,12157,2021-12-29T14:11:47Z,26163,26163,michigan,26,MI,1753890,-3.3755,2974.4,Yes
Metro Detroit,2021-12-07T00:00:00Z,Total,2237,45,583181,12202,2021-12-29T14:11:47Z,26163,26163,michigan,26,MI,1753890,-3.3755,2974.4,Yes
Metro Detroit,2021-12-08T00:00:00Z,Total,2174,46,585355,12248,2021-12-29T14:11:47Z,26163,26163,michigan,26,MI,1753890,-3.3755,2974.4,Yes
Metro Detroit,2021-12-09T00:00:00Z,Total,2153,48,587508,12296,2021-12-29T14:11:47Z,26163,26163,michigan,26,MI,1753890,-3.3755,2974.4,Yes
Metro Detroit,2021-12-10T00:00:00Z,Total,1952,46,589460,12342,2021-12-29T14:11:47Z,26163,26163,michigan,26,MI,1753890,-3.3755,2974.4,Yes
Metro Detroit,2021-12-11T00:00:00Z,Total,1353,41,590813,12383,2021-12-29T14:11:47Z,26163,26163,michigan,26,MI,1753890,-3.3755,2974.4,Yes
Metro Detroit,2021-12-12T00:00:00Z,Total,1366,36,592179,12419,2021-12-29T14:11:47Z,26163,26163,michigan,26,MI,1753890,-3.3755,2974.4,Yes
Metro Detroit,2021-12-13T00:00:00Z,Total,2546,35,594725,12454,2021-12-29T14:11:47Z,26163,26163,michigan,26,MI,1753890,-3.3755,2974.4,Yes
Metro Detroit,2021-12-14T00:00:00Z,Total,2267,36,596992,12490,2021-12-29T14:11:47Z,26163,26163,michigan,26,MI,1753890,-3.3755,2974.4,Yes
Metro Detroit,2021-12-15T00:00:00Z,Total,2307,53,599299,12543,2021-12-29T14:11:47Z,26163,26163,michigan,26,MI,1753890,-3.3755,2974.4,Yes
Metro Detroit,2021-12-16T00:00:00Z,Total,2312,37,601611,12580,2021-12-29T14:11:47Z,26163,26163,michigan,26,MI,1753890,-3.3755,2974.4,Yes
Metro Detroit,2021-12-17T00:00:00Z,Total,2181,23,603792,12603,2021-12-29T14:11:47Z,26163,26163,michigan,26,MI,1753890,-3.3755,2974.4,Yes
Metro Detroit,2021-12-18T00:00:00Z,Total,1677,37,605469,12640,2021-12-29T14:11:47Z,26163,26163,michigan,26,MI,1753890,-3.3755,2974.4,Yes
Metro Detroit,2021-12-19T00:00:00Z,Total,1663,27,607132,12667,2021-12-29T14:11:47Z,26163,26163,michigan,26,MI,1753890,-3.3755,2974.4,Yes
Metro Detroit,2021-12-20T00:00:00Z,Total,3378,32,610510,12699,2021-12-29T14:11:47Z,26163,26163,michigan,26,MI,1753890,-3.3755,2974.4,Yes
Metro Detroit,2021-12-21T00:00:00Z,Total,3781,33,614291,12732,2021-12-29T14:11:47Z,26163,26163,michigan,26,MI,1753890,-3.3755,2974.4,Yes
Metro Detroit,2021-12-22T00:00:00Z,Total,5008,16,619299,12748,2021-12-29T14:11:47Z,26163,26163,michigan,26,MI,1753890,-3.3755,2974.4,Yes
Metro Detroit,2021-12-23T00:00:00Z,Total,5041,10,624340,12758,2021-12-29T14:11:47Z,26163,26163,michigan,26,MI,1753890,-3.3755,2974.4,Yes
Metro Detroit,2021-12-24T00:00:00Z,Total,3071,7,627411,12765,2021-12-29T14:11:47Z,26163,26163,michigan,26,MI,1753890,-3.3755,2974.4,Yes
Metro Detroit,2021-12-25T00:00:00Z,Total,1384,12,628795,12777,2021-12-29T14:11:47Z,26163,26163,michigan,26,MI,1753890,-3.3755,2974.4,Yes
Metro Detroit,2021-12-26T00:00:00Z,Total,3721,5,632516,12782,2021-12-29T14:11:47Z,26163,26163,michigan,26,MI,1753890,-3.3755,2974.4,Yes
Metro Detroit,2021-12-27T00:00:00Z,Total,6723,7,639239,12789,2021-12-29T14:11:47Z,26163,26163,michigan,26,MI,1753890,-3.3755,2974.4,Yes
Metro Detroit,2021-12-28T00:00:00Z,Total,3075,19,642314,12808,2021-12-29T14:11:47Z,26163,26163,michigan,26,MI,1753890,-3.3755,2974.4,Yes
Metro Detroit,2021-12-29T00:00:00Z,Total,224,0,642538,12808,2021-12-29T14:11:47Z,26163,26163,michigan,26,MI,1753890,-3.3755,2974.4,Yes
